id,predicted_price
2591820310,366423.30719957745
7974200820,824226.919599073
7701450110,1034699.1557155927
9522300010,1821650.6691790111
9510861140,718837.49162398
1761300310,251769.96483273213
7732410120,846780.2345013485
7010701383,602570.9533687088
291310170,408451.24035115214
4232901990,543023.986687613
6840701125,655287.9629691038
3971700580,388849.2907807516
4202400078,251622.052462964
6064800090,320955.4191268194
2626119028,260477.29061077873
3303980660,1108134.7404554724
862000020,821878.7746167597
2386000070,937301.180358055
1138000450,377159.9731090448
1775800420,425040.2641120898
2291401425,448569.5156249409
2025770560,921551.5082941165
3525069037,674493.0283943652
9324800450,587749.6491122472
8080400136,515719.52795048116
8651540040,518482.05284850305
9407001790,243663.02896827977
1773101530,192236.99035903037
9432900250,322491.57358145574
1794500695,546306.492246497
2220069003,327182.19530892017
923000120,423268.63451690285
5728000060,538019.8123558951
16000200,225951.2877002997
1926059094,420027.183782167
6672900220,972327.0964746805
3629860060,847167.8747055748
1822069109,432315.1727908387
6675500105,385504.29809141916
249000180,1827620.392832044
226059065,498352.11926198594
396100110,238622.99937684325
9264450460,301876.6227016347
7853361210,388087.9578378395
9474700020,318566.3476266385
421000455,247712.68690965185
3755200220,425694.3065377068
7960100075,474523.11631613964
9477100490,411634.72665709414
9138100350,764906.981881364
1624049275,499744.40034077084
2770606890,532961.0658995917
1157200189,459606.8517310856
2770601800,511468.0008955376
9301300805,537547.8321140558
2325069032,1258990.8881752542
1021079099,343420.3564408389
7215730040,706892.4763660195
1853200080,445336.80438565643
3224600340,689418.7964007573
3222049120,399247.44843896537
2113700025,285555.2281084169
7893207925,221561.99193391314
3586501085,594233.4330378501
8024200010,382014.7134614316
7116500705,177653.1485730364
1598600209,329438.5504837959
7204200025,677505.7807058791
4206901505,581550.2800262608
2937300440,939500.7497927591
7205000180,315402.40157107566
8718500665,381947.83481684886
5318101765,837895.510109892
4122700020,987396.7745245926
8078700020,472167.3379150213
3303980680,875461.514576238
8924100372,1198788.4840415982
2781270210,204613.2379102031
519000043,568983.1787410263
3225069301,1294693.152134089
151000075,732714.5262885834
2297400020,435405.038475309
6617500085,632575.1090901935
104510180,243142.7408848044
3528900060,984457.6495939619
3345100286,465472.1660312962
1226039130,419878.28322808305
8712100720,735430.0176416279
3037200010,406649.8688125022
3626039268,472533.7839857063
104510230,232056.1756816349
5112800060,403640.79075411044
6072400280,608667.7235780428
5317100570,1139510.5831005222
9528102993,575357.835557528
2919201095,509897.0919152823
6181400920,261468.92513810773
185000161,249493.82499532995
8691400010,743233.972949946
3345700165,504137.05669297563
6151800486,233077.21466667633
4340000080,1247002.591969041
4136960010,502306.68938813533
3634100030,301956.38887146243
1624059224,1029158.7784301507
2788400090,262051.95739849485
9828200762,475474.41304448876
7524400250,481938.07321478555
3528000290,720681.8228004187
5700003630,2014156.771511499
2720069019,303643.2728060527
7227501170,235642.6639592014
2397101270,590757.5666725206
6792100090,748893.700382305
2770602265,538958.3512393129
3971700937,298211.61707139283
422049203,224606.57304304192
3076500830,325326.3735482453
1423400260,299839.06474671507
9161100795,452350.53365558677
3126049052,494018.46005932486
5100401468,444728.9216761869
514500235,451839.88188161707
1423200170,214013.0189527639
1402100070,399836.24672808143
624110020,794960.6563891007
2407000145,208140.29401211345
1890000225,936850.438564189
1320069271,299642.62503345625
5490700085,395218.43544192356
263000155,454512.5207969152
3726800201,405330.98412212497
5153200358,317581.0623984484
2725079018,780205.9335894113
7165700200,266073.50447164354
9429000170,560181.7922952054
8718500075,359161.2205760715
1760650950,309304.94596303627
1068000559,1199270.703073729
4113800500,622715.4324676574
4077800507,487846.75902393175
2725069150,701722.9153840588
4008400035,732198.9630260688
7016310270,423276.2244126421
1432701230,221739.94917589775
3278606050,346785.35300170205
2473350710,378297.31377112365
2185000685,170969.0297598814
7792000025,387575.6479971565
6868200029,521956.1742275589
624069003,805888.6801329963
7431500280,841157.5021646929
3296000040,533318.0858751637
1118001215,1594143.041372153
6453900040,853602.0183408397
333100209,970436.2915319089
34001765,554304.5070954273
8946700100,393363.7937210103
5561401210,594908.9504882237
6671900095,342116.5790108276
3275850020,712089.652779727
3876300600,421415.5360339691
1450900020,261609.3222703581
8562780280,315659.0140743262
7663700973,325129.7861671572
2126049032,350233.2355137921
1823059159,185767.65225394326
3438503426,250666.81110146674
9297301495,510509.7001856727
7140700850,353081.17269050295
7942601805,702738.8249595506
2555900030,364696.204218169
2887970040,268477.2515767671
7419700010,671253.5201338916
2239000011,394718.4774115807
9283800050,323824.3684661867
9407001340,233310.17232198114
217500140,486591.7781240981
7212660520,238939.34570092228
3298201170,343516.9499762831
3057000400,279246.3668901929
6865200444,479789.1627646484
6071600340,525967.9365803732
6821600005,671485.0448345063
1235100371,866632.1140746715
7796450340,355868.68218285375
3603000410,160854.43308508687
9297300255,487050.05484222894
9126100850,593906.957049976
2770601462,502649.04250285326
2599001500,216622.44421862546
1102000095,765797.9562949892
1853080640,905379.471514938
9551201585,757061.0392945786
3438500796,308333.3626531017
7518504291,524934.959581201
9269200340,426139.68640473235
715010130,1443339.8415730598
1982201485,636975.9876799445
9526500080,414612.1088244151
9277200180,465960.0762575753
6669150280,299058.0553746565
8917100153,607810.4526642059
3760500516,1286027.3408786412
2725069050,936979.5176581467
3332000091,365602.36183204886
8562770080,604981.258869144
8151601190,288076.48913057806
8563040160,596900.4600498143
240000269,660012.6371840944
4307350200,322741.58652270667
1311910300,269699.0352509746
3574900030,501076.2818908872
7853230570,434160.02802464756
320069049,363830.2507167018
9839301060,648791.3461355891
7011201333,605442.0771962487
2781320100,305564.783057572
3421069120,455292.2286185131
7852030320,489843.8394741661
5316101075,2170837.850831366
5309100750,547199.0519033083
629000730,690421.9861105279
511700170,284411.97771846195
1562100030,546260.8411572725
2489200230,532305.9711451187
524069116,526739.8611026818
5315100737,1044768.2800426582
1868900675,857855.1351312913
1608000120,342520.91524038836
705700240,338376.45684220945
7575600610,259394.63320110188
1778500015,717106.5472358859
5423500240,201495.31170590667
6713700025,334837.5172503829
2734100734,311420.1841650467
301402280,200751.03050302688
2113700205,284924.0199503764
4114601570,2272391.4209535723
3332000615,353174.2761196012
3630050180,345123.0918955209
6852700520,520429.8084077542
6870310010,691214.2036316277
6163900981,314476.61892764876
393000142,379910.9070894143
1771100130,318572.92481044837
1442860160,405504.6322092129
9191200435,546434.6408602262
6788200800,1011404.6523062828
1115300070,656996.8870069423
3176600105,690855.3637212389
2770604665,590369.035346683
5469500580,427841.1655483313
5680000545,531410.708545146
3424089119,526029.5499989307
1328300180,324780.38455762627
1773100922,332668.12638580304
4123830480,320595.579038008
9808610190,972878.2442582439
4250200140,280980.2105702603
4217402115,2403458.925909168
3831250350,356840.6855775759
2397101055,726530.0456321535
6817850110,827516.2200486686
7526800200,636321.5686478938
7853370100,610309.6444311488
2523089025,887484.7490894395
9476200680,246102.14188698458
5714200140,414459.0649195933
3575304895,553923.1494352988
263000018,399921.3048195233
8080400177,542735.8008100992
6450304130,324953.73093944014
514500090,563347.285735867
9477000300,431590.9108766193
853600310,1384337.3651914783
1951600240,190719.5507950295
1099900120,343665.0462565534
5323100120,560587.6337327616
1223089016,420918.0608638355
522059172,244987.55024652422
1930300190,716169.2455031249
9542840410,305923.447112905
8665050530,500849.7190333603
5592900205,336530.17396117054
5450300010,588280.7815536795
2459960030,337714.9046595711
3331500455,622289.7720233463
3432500705,391031.28053244844
3702900165,340634.27967858734
5249803550,518370.2389045562
626049058,453361.53823813173
1788900380,188846.60319274582
8075400360,222707.4642109825
9113200250,739845.5906997831
2738640040,757345.310383511
7821200307,471365.2013777767
3530440140,227666.36276611712
3582700130,444167.82773725776
9276200569,753163.6863816715
7197800020,582777.4289816048
686200490,527031.845064955
3501600100,373566.026954576
6383000690,624079.0670659159
7604400150,356473.5707047607
5249801411,687107.0550178515
2607720420,450663.33405852213
9561100010,414791.1829848191
1796370590,258107.46989637797
4077800593,400076.4105478516
854000165,247971.47432460464
5536100010,821931.4345799378
4188000670,806049.7389982137
31000165,1259668.5139967357
662350050,877553.3764652105
4137000280,268795.73529101297
6169901130,907521.413161739
1953400510,234432.41077525305
7518506716,965979.466912207
1552520010,361059.7197975736
7955080270,311363.675759695
9212900100,559632.0701655525
3438500798,306943.44243369723
7899800890,205426.65250286576
4319200605,439050.9151183632
1329300480,364607.97519516514
8935100100,788779.942132299
5016001260,406571.18722465064
4337600280,269635.64389291604
1446401220,190483.9516153241
7135521530,641646.4549842553
6888900115,302757.7762620391
2413301070,296425.8011797427
345700040,291398.91646879993
5566100145,471515.9703103859
7634800070,375455.8374546791
9346910500,614998.890996983
3529300060,311194.0231986777
8128600060,1147793.1068330912
8572900275,196249.02138534683
4139420590,1352929.051873256
9274200322,561943.8049469963
1472700200,591517.1345826569
8820903380,577579.7612419236
8563010130,828897.8109830094
8965450110,884206.808613007
9274204230,540979.0008684004
8165501700,328777.97136982466
2193340260,536472.3850094874
1860600290,910137.3616703762
1222000055,200746.41281271353
2492200280,445344.5913137458
2488200455,383784.11563731724
809001520,1003915.0171591624
1796361140,242852.31802120036
6398000011,689050.2021348963
6813600365,577078.8262666923
7504100920,822291.9111623816
8835770330,607292.3671465069
524059322,867211.4236314236
4307330280,374424.8470270868
1245002952,963756.365426082
2021069059,255763.24846603183
5700000595,663909.8038505309
3629970930,753621.6102118738
3336002215,251235.61254336516
5100401060,634473.7113829289
3278600750,246315.50763595733
1126069045,1154397.4572832806
7568700175,316904.3553570659
452001475,480827.81965750636
9283800230,448169.809837318
1737300130,525406.9529945453
6189600040,513287.3203593709
3679400025,468340.59018094424
1096100010,303009.7866289554
9513900050,240147.8264826474
5452800645,747395.3881900016
273800100,243086.94686754147
7228500037,452178.91844146035
808300090,493844.8489971322
2493200215,568930.4577244874
5035300255,736904.9143754183
3380900160,379677.6690841005
3630000130,417835.7225188676
7300400670,292870.08081346453
6798100070,371661.95215304324
8078400010,567876.4696743451
5566100060,530808.9287750423
2768200212,526605.05728296
4035900060,550853.2080560627
9460000110,394771.04055628594
7199320190,586031.3415420112
2225039081,507580.95501055504
9512200050,512080.0424646923
2634500085,329428.26346708735
3654800200,265486.8814380426
2724079090,1060778.0005905067
2597520720,840113.5576896439
3034200426,401400.812860005
984000130,288513.9242062921
7852020670,414706.3935976546
7923500060,716702.319613878
2310030510,273075.24310399685
2205500540,484621.2059941516
2493200015,479676.4259034044
7853361420,568119.7697530668
5652600605,598781.3036177146
5285200020,282336.5599762437
9406530150,356453.8753380475
5706300020,478824.74372386653
3278602490,400123.2586954258
7197000100,498099.46912598447
4447300008,579260.7917498519
7899800045,223844.35230229315
9250900095,326342.49917538505
9268851740,663278.5245271983
8682261440,503933.3506579476
7284900385,910176.236902409
8079040300,413381.639297368
2225300585,415683.1594632752
3223039013,444962.3722075714
2013801350,261870.7613998963
4055701110,717611.7586577804
3578401770,435810.4136691211
4046500720,579051.1938660841
6145601745,349841.656446204
5207200195,689600.6195521717
1972201856,534068.8594670473
7212680080,259780.8466198402
7277100510,611586.5460658025
522079022,532189.3380324636
5605000440,853846.878251694
6632300230,346877.9351421377
8815400165,675184.3067263071
6708200320,480377.02275777684
2426059076,584862.999495387
3260200200,586377.9659608928
2770601741,474721.89621680346
4338800500,247034.38240014538
9201000320,725361.4008101645
7655900038,341620.5353664669
3625059140,537604.0278799587
4222310010,213279.64284447685
2114700115,314969.3424579344
3291800710,332911.2607364357
9406590010,372598.14397301123
3025059124,1848776.9114368465
7972601250,366633.05441477994
930000470,1083216.002253117
6690500060,522109.41779454664
16000015,187753.732001576
5693501102,558416.6564544163
8079040490,456451.8030084738
7225000155,367629.2083214632
8819900170,735496.2932485479
7972601270,343974.9366173602
1224069074,796001.8800105243
5126900321,360929.29114245437
3438501860,258038.15134349762
2822069080,428216.93635136716
1656600310,553312.4497256748
3856900507,1225334.9047793578
1626069139,521560.650649197
2524049257,1390774.2867458418
3904960150,556717.1456217157
7214820610,464165.78667244175
7977201845,636900.0741953899
2428100080,851156.785950718
2202500135,440068.74675465096
1523550220,647001.953793263
2313900610,456198.6644492205
4123840050,385507.5460764788
2125059124,1328659.074204046
1225039067,469276.6381502318
6431500283,467776.6402944318
2473380010,295908.3259633102
5694501195,390973.35708638706
2881700046,369725.89360996126
6837820330,320897.24054553517
2337300370,193859.53804689672
3876540630,232180.5225625179
626059317,345337.73610239686
3374500520,360876.9188602399
7228501903,391938.5636100665
4019300051,463206.42864277127
4232902615,583172.2618054019
3546000090,256700.92384305925
8127700215,708491.6330642176
3438501100,296081.3514134411
1769600066,641778.4202149721
8146100610,718974.8736203796
3052700695,590410.8768506962
7954310210,587445.3406662619
3761700053,1090477.014896382
1320069179,330844.46591504203
1331900410,815186.1491875533
7303100210,354752.4605930751
2464400285,515234.3323524915
6163901150,381048.90373125026
8955800045,317284.32827822014
2314300200,406719.96406543895
9528104360,408524.36794780946
4177100005,590548.6310405068
8856960260,325557.10685156524
1828001220,625571.5686506191
3066400710,642706.6570100395
624110610,894436.4354074069
4040800260,410071.0671649367
5019500215,465036.00727726857
2481630180,1395278.664284101
7203170190,685378.428256772
510001280,847926.9613514227
9430110120,678436.4073484348
1565950030,337155.8903251514
9828202255,702750.5597936009
3878900270,416156.59397026256
8091600080,214815.3196964324
1112000035,336907.59088635334
2228900270,296823.27693816426
6648701740,291755.09230514936
1245003740,645966.9855237395
2174503441,529412.6710096617
7708250010,313898.7036158357
6072300110,561186.9684040851
2329800140,241594.84919707497
1494300040,526199.6283733868
3832050130,275905.1992204034
7203100730,925443.6446170459
7199330170,495502.9567461804
7785000220,692360.9984434608
1250201175,391959.0382163776
4054500180,1012442.9830454348
7905200061,429242.43701544695
3751604895,206721.2306909165
5220300140,252379.94705939892
3323059027,330359.1672507002
8651611980,895594.7068288578
8673400190,560055.103610555
1668500100,858895.4288405936
1023059365,538626.5011555824
3308030060,332324.38477078086
4232400860,1018540.6551153935
2144800615,239882.3808948592
1568100920,926122.3118179352
9406510040,512124.7657201783
2923049421,333396.00833319937
1051000040,1474435.9367608484
2077700042,610478.8088866173
9423800030,286298.988304047
9818700455,633698.3123571635
7133300675,328158.27437459043
4113800550,606886.3258855252
5553300375,1456227.0400773769
2025701530,283934.7921138621
7942601155,454666.44997892145
7524300020,268819.8090409948
2520069100,287496.4318865824
5412300410,227571.8797941124
7504110760,724343.4921275245
2594200350,351585.1021216788
2722059013,231737.4114836343
8078430480,554176.0858000244
1423069162,493684.6612268768
8856001090,168722.49224536368
7000100631,798283.809333532
4222200280,235314.35102047358
7971300050,630932.6311766014
2009001600,220978.3529932418
6619910140,599283.7863825364
2877100985,534416.2221023401
1196000007,349241.0745719287
1330850130,740740.2683299725
6664900410,267369.77719112067
1231001110,362831.99635750725
9235900030,266727.00376302295
9407101840,302920.47514758725
9523103001,455774.0344674718
2149800278,394409.8640668265
7234601198,641507.8839517293
9476700035,363346.94581106945
9297301065,767019.9781848401
518500700,756950.302664695
7843500090,312792.45102180063
6056110780,256100.96413147976
2345700260,354324.4203240961
3509600070,231462.11450743
1431700280,354451.671119467
1623049174,276059.9085789767
3024089049,362698.9629248582
7853340450,392300.2748842855
7732410360,780160.3359189772
1446800995,300780.3000354672
2946000285,214067.49389065773
425079100,472421.5206828946
3876313040,431021.09419346735
1762600260,916611.9979848423
1925069121,587566.3262600108
7443000480,872334.2536680681
7820000015,346609.77554325317
4027701253,498673.78084822843
2826049165,397209.49209311325
5426300060,735495.5250465093
1278000210,161588.99518600828
923000270,330910.6604744421
7657600005,240822.42381420752
3024079057,417083.34662999323
3276180020,294221.8664234137
7304300760,302601.1895985646
3908100020,527927.5454337317
8835400805,713543.0265997662
4051150070,205708.14370770933
3904930530,474311.1066797307
6163900971,353636.2882724251
7942600310,449140.8561267685
4365700330,231003.86744588977
423059207,285362.17713554425
3992700265,365039.48399220535
7177300090,476248.08426020166
2540820010,601986.1257363214
5700002510,1049351.9913290087
5201000030,569865.0235129244
7631800015,1560816.1160297033
2922702965,654757.6820753008
1525059198,897750.5244364914
1245003160,710881.7681064614
3810000455,317572.2841110485
7855600080,644454.4068477474
5701500030,1209059.3977032811
7504020400,615801.020075821
1402600570,312310.34937151376
7575610760,260746.60741994256
8731990370,367343.1288699593
5021900090,829317.3244427687
290000075,391315.8793975768
2841500010,511875.8477318202
3955900830,422106.68936545734
7852110140,565896.2877872983
1311400350,256997.8769254502
7773800015,515939.2245568343
4123400320,504921.7265172951
2725069157,875138.7418552166
666000143,846091.15734336
5101408678,516000.5207497293
6371000026,373037.5359098638
2024059084,571819.2850393617
7283900036,317715.8837026221
8881900230,775615.2208807304
3959400135,295716.46514739766
7696610270,234892.02094155573
1689400150,809385.0445227408
5103900015,404054.4926851051
1441000350,472681.5249718967
5101408735,352430.84207700944
3126059027,1990944.6219296467
2320069014,456278.39938021
9541600015,632532.9575372067
8682320420,705152.9939257336
1562200090,602527.686878355
3395070980,544176.6731623305
7349600230,255811.04561518016
522049122,276923.50518258155
869700060,284211.2605287616
811000055,1196778.0462809517
1221059176,410017.6699089923
1523059103,440711.41292981175
2025760210,778036.0935424882
9218400088,328109.94748467184
8682292020,439189.7773224185
2623089135,436835.5503436645
3758900259,1368573.3031334945
524069049,556203.7688652723
3121500150,871036.8423032233
5581400080,810279.1043486602
8087800020,464358.1251196291
4070700290,656539.9244980926
3296000170,613148.9806929445
9238500040,560169.7373883622
2744600040,342467.2372710382
6813600380,631729.7046801877
6140100150,460217.450025797
2201500555,473725.50054744387
2600110250,627662.8171379899
4337000275,143540.78394914407
1186000150,545095.84105928
1972201963,516336.90109935484
1105000745,388290.0079425916
2887700560,598020.9265210474
4039700080,766684.262114418
522049104,302166.4479019519
4202400078,251622.052462964
7520000695,214929.2299168161
7714000310,395433.09388389933
4319200060,592144.5675420581
8624700015,607279.6592220096
5104520610,300849.4131592447
2354300845,299065.99768761237
3824100291,481915.44537584455
6151800612,235992.2090706836
5454200080,1034485.2130288833
6413600290,349752.4853615648
2131200065,353803.7190807685
1459920010,260812.0908292266
50300090,403323.4785771417
2326300090,581318.6063121152
7714000070,395856.9006297177
3630180500,1008140.4701840964
1727850340,938260.9203155696
8691430330,1001811.2861082393
2310030390,241930.4166066395
5561400610,480621.38987243734
7010701016,507396.5565654422
7883605915,233464.93306345126
1282300995,367812.61694613274
4040700310,470289.6739637918
3353400435,239927.30481327753
2143701015,509833.9156171964
255450020,372402.5187230076
1020069017,313694.7453385384
4038200120,494716.651290993
9284801100,271713.2621835522
1965200075,624231.354494237
847100047,539113.4449430594
4038700720,488047.0281693156
6815100085,739137.3332440524
2508000020,334813.3845241912
255520180,771713.749077176
6822100750,547495.7206606892
869700050,303986.86306176486
1775801405,548689.1056625042
6600400090,213185.2769220433
7202330270,433721.6406723024
1683400165,998513.6040100395
2625069070,1023359.1881156713
7625702440,418355.03006313235
3388000640,221672.61664400512
1899400365,271115.96928649565
6899990200,808773.7762718612
5569700020,925713.1317390114
986000045,329556.63991248474
3293700221,328514.1254874569
3764800250,349356.06107927253
2291400566,386322.50168375875
4219401236,1320864.806532242
4239400840,157953.7919150807
7211400990,203584.43378318276
7696500280,188082.9317206757
7215721070,496441.1009454877
3204850140,366377.08173565316
4322200220,608285.6577046945
2566300100,1015613.7844996811
1944900090,427357.34750210185
6648500390,298373.31640761415
7385300020,756587.2570684615
1704900135,328910.7365501725
2877100655,701100.1207451203
2726079098,534912.520486038
7625703800,446376.29963522113
318300040,521116.0192227295
7922800190,493117.5589124539
2023049361,202483.17247123586
8946400210,474900.6176298788
6071600450,534275.3153779067
4343800100,419092.6529908297
1443300140,412556.7591355255
1024039001,832521.6082571425
2767704860,550904.3304853919
7234600851,672595.1668528784
644200065,868084.9625343964
7784400035,753454.9960458045
3826000560,230670.47231321878
9272202260,491891.6765533334
263000253,404074.2903778284
3621059043,550986.9279913409
240000130,548576.2471753085
1352300120,226539.57099553623
7849200861,296371.98303294985
2487700130,487060.40712333017
1796100140,336079.37633327226
7234601221,516757.5874794089
8651710190,447235.0119101006
2916200091,606799.5116061042
1232000915,551769.986309524
1545801970,250220.2955917964
3211200420,323234.096371432
7686204675,185128.87554824285
3141600210,223916.9779088221
3959401284,495558.6020247306
2113700825,252698.98820107925
3876000710,404221.0082811761
522069022,497048.36607093614
3214200070,386205.4158488549
1221039156,280930.71915367775
259600790,416765.83372321626
785000040,500403.18503556005
8138870470,488773.3657298793
2596300035,323852.9154878888
540100057,1349157.2266226395
3073500045,489903.1697858867
5363200266,441803.1770667848
8682261650,547096.9265321526
3224510080,881259.7281253432
3211270160,448235.8952557026
9269200520,183403.4782834441
293810190,475784.0429980468
4197400043,311603.7105249493
3026079031,413622.04298993695
5332200405,952499.0424469238
2473411210,323829.06706036953
9268200315,496991.25492037315
8123500050,588381.101088172
3221069091,483173.43813726056
2485000165,584950.8141704219
4058800215,445829.9954619109
1926059039,777122.734707348
2533300680,913430.6860858053
3343903640,303678.25585475325
5700003705,1821915.024575942
2023049372,391968.9268883829
4058800830,563306.8467752569
3333002302,389559.1227147538
2944500340,286581.83736673044
1982200790,536180.0092870273
8929000270,467013.322425044
8122101440,283544.33379635576
7525530470,773678.5873677953
9332800020,681850.4048447284
3878900525,243696.09253610217
5420300210,259504.56293629907
9232900165,342022.4533374514
6414100026,427707.56993443216
3013300660,712745.927221605
7954300120,582414.1603160911
1081200360,329751.525380645
2877102345,515248.16785538633
2202500255,450867.14198462496
7984400050,225137.29175026764
9558020380,445318.7139219437
7812801850,217715.50269197652
8944460020,373870.6819279574
2306400040,550943.3857065467
8649400410,404250.0551338692
7889602020,240860.99318003893
2041000025,497705.35434266087
871001484,578564.4091779676
2767602141,615015.908781758
3630180470,804314.4187932011
2769602140,473473.7020390453
2473250280,348839.75414031657
5422560660,459072.671574202
3756600240,356733.5445876728
8651600160,816962.1934409137
7202300540,843609.1745504418
8961950250,464958.35184280993
3303000130,449477.07102669426
798000062,269883.976605613
1695900150,758587.4740154148
1604730150,525658.0622367049
4136930310,367481.4173785303
8835401250,1364195.5201319898
8665900328,404165.37019007414
9262800255,330410.36577079596
1853080570,836729.8088808892
5556300114,719644.3695574516
9517200290,444866.47845655476
4037200295,487155.4118440148
7417100123,418737.68934472697
2620069077,190868.31383498482
7922720040,649251.0628774837
558100090,505194.26207075967
257000037,271887.0724763
3319500385,423248.3519531652
9297301520,305559.19202633435
3580900090,356014.7880720017
1321039076,188307.02688262262
7227801581,298757.34799334354
9407001620,307754.1259620438
2130400150,351613.7985356272
2312400200,259316.32122479597
4046700210,354461.2948488414
1193000480,925701.8415678043
1492800296,584263.1993159958
3013300017,378425.1981774242
3630240140,592888.6144953438
1049010390,338373.7156375001
9320900420,155782.31920918144
4315700060,378742.86935072
2591010290,299695.2670543341
323089085,602766.0188262959
6600400270,216262.19785567967
2919701105,477899.71691772767
7202360670,891725.5726331412
8927600100,747478.3475102368
3211700045,609823.6940996727
4027701326,487578.85180546506
1601600195,287719.8336523515
7853280350,798049.8849123754
3629970130,721077.9993849435
7203120020,797349.4718872794
9542900190,372172.8944686173
8035350120,521630.79942556244
1238501184,911235.0150722916
251200240,457661.3662796678
8945300200,196635.46318617312
2162000160,1086648.9136754968
5466310060,200187.16843380063
1239400064,859061.0612237774
5205000020,325556.3627539038
1720800305,612864.7293580648
7280300375,546215.5463658986
2095800400,463035.3919267813
7852010950,560627.9071463904
1428001160,567021.8231704351
9528104910,698876.4497882611
8644210470,806549.1635249212
7923300310,509196.5607448263
254000100,599944.6112595119
1931300688,503780.2921715469
7007700030,448355.78369280125
422049178,238769.74892326235
422069067,441647.07996708516
2923049393,391623.70723860274
930000305,444549.42592759593
2461900448,478331.3036957313
2610100020,310774.0665137573
2895550050,259481.7931241057
7701700040,287520.58499621326
2460900020,452570.8765517958
9827700105,571453.8424867105
1005000240,321030.65753416176
7200001254,526704.8590090649
866400040,506749.0094571919
305000170,641083.231555261
2260800110,857506.302081206
3442000127,635453.9345832207
5253300437,438638.37900274695
7576700150,900155.5297513508
5469501410,521432.97777223936
5104531120,651097.7988775807
723049434,342095.8126539711
622069006,1207928.824157501
2517101200,311050.19443044753
8159620160,251440.14998879714
5561300640,428232.5184898083
3317010130,222723.2047805798
4364200250,412627.4496204348
8732300060,734486.753074519
5603700025,849934.4643336035
3585900190,799056.3375682516
3996900575,266570.7351790748
8731801260,232026.9377773519
3810000860,330375.95316227135
5700003585,2164076.950575689
6332000050,489375.355809624
9286100250,434378.41529394855
9471201110,857503.6669725782
9290800050,520251.69562656706
7300200400,625092.8124341329
526069024,877924.2164290418
1454600156,902521.2939504134
3904980360,511725.7793049006
2626119062,358418.10806936276
8651730290,452847.7837612182
7611200195,694309.7025458107
1919800260,553590.0217657102
6632900354,305439.3245974797
3972900195,327216.3153659718
5151600170,271248.4806798659
7016000440,475294.6597298283
871000435,722103.9943204175
9578060540,507550.7182215053
2332700060,975878.255236435
766000240,268793.531063197
4363700200,309406.1575291
7100000250,334860.3691224804
2781250560,203403.21792360063
2781250100,352191.93012496136
5419800220,254534.96574738313
7147600245,249637.6563611873
2926069083,923990.76387459
6189200125,813168.7881918381
9542830160,290915.343220973
5152200020,273238.01092929044
9412900045,490841.83622904815
6600410480,209904.06785494095
6979970080,579449.1322411221
5636010280,264515.40352417424
1732801300,721774.055993183
5561401530,474207.1714208364
9578500510,354240.65432249097
7304300906,326150.1101483597
1223089077,590783.471515639
721049207,280528.82525168644
8691330310,847498.7248031553
1523069204,442954.75395865255
3188100105,621955.4143317967
6608500290,436989.81963630667
2891400410,354075.3785147165
7663700551,321027.0362157264
5413200140,257548.91375255364
425069139,599956.8844908398
6713700155,368581.3078325137
2767603505,486683.77791778557
7789000080,256132.26510630222
9211500620,206523.99638585793
3750604417,202285.9204389187
7922800320,513547.3314794221
1471620240,351266.018190962
2222059052,362972.3328082492
9551200270,1029445.7361627041
2767603160,543892.6033133644
9406710060,385063.72472672747
8929000250,370150.7437404108
5538300120,437048.44925911183
2223069120,468287.791887979
1652500060,1628992.7803703442
8564500240,434006.6684809623
3629700120,649086.4503848384
3943600070,409133.1563545695
4171200025,294765.05528019543
2425049063,2825686.7001159755
9828701650,409745.12028289394
3581000340,355932.03303320974
8100900015,377802.71686480974
2125059161,971331.0525009967
304000380,197087.84596776796
8146200070,1500538.5935898016
686530170,568613.7187764442
2917200645,443583.4464425861
9547200530,878696.7929238065
2122059199,399575.1916530342
1150000740,631260.8073295425
5706200060,350919.68190512195
9265410010,240436.63403415115
4083800555,528645.4696527123
6152900332,349685.171965216
2520900301,220236.3425453613
9828200790,490615.4909924989
1657530180,286420.388005393
7471900045,243455.92832310853
9828200460,412578.6726847025
1775900140,431184.1002529369
6139800430,462145.80744890135
7214400005,488541.76316937845
5332200026,505808.6903280278
9510970300,809307.05043106
2540830020,409722.63414862985
3392100140,201609.9619985488
1326069191,370426.9467966205
2125059112,1377782.1073961922
859000022,350430.56035682885
8854100350,650726.6342743366
121059007,256303.287240772
7977201707,495884.41051678814
3859900060,2465242.385762168
8815400735,712388.3236220711
705700530,324471.2204396009
6600780130,364997.624003084
6378500105,406697.33374699455
8143000310,436836.0538227594
2877102330,712750.0979658896
3526039074,647930.0691173533
2115510300,248336.51101590626
3024059014,1530943.9062431096
2141330360,633991.8325551257
546000400,504054.91746951937
2071500011,414039.4695350079
7972000240,232927.23861896934
7016200460,437434.8612527329
6204200180,444237.3986908373
1552100135,1010050.1832986256
88000173,405852.46001092094
2581900235,769962.4360259691
9211500560,213195.3800871458
621069218,438936.92504362226
1321970240,293204.0956635642
798000630,288963.2436289107
421000285,265568.40568983083
2824600180,908172.1163294641
3832051140,314854.09445686534
1237500105,706788.4533792057
8802400906,250106.82419437176
3166900270,388685.22537832084
3682000060,362895.26778561855
5469700020,273586.0952673469
1245001820,660028.8581150715
9547205660,580717.4580668039
7974700122,709409.6344881314
7550801225,607921.9153556195
1099950050,811719.7938670111
1402900460,318422.1226636512
7636800041,920318.7019101863
2115720270,241290.876963257
8651441750,197784.59410853242
3904100035,334508.23779315146
8815400020,636048.177997836
3303860590,471627.3528743598
5427110040,946362.6124787373
1782000160,314083.5101262058
6204420290,477773.74584236485
3995700245,300208.56108632404
7955040130,458420.4472693574
1442880650,506134.9482039637
8833510230,858359.1320064435
7283900551,407971.22474039125
4396000180,247750.57496969032
7504021310,710789.935615895
322059264,236654.68188504688
3654800040,265457.7156495214
2767704777,509896.59238418395
3278602190,355607.99765036197
3236500220,472460.583755057
3410600100,298843.02753191954
629410180,741941.8935521833
3352402250,164331.54806487338
4363700304,332504.5932004672
7237550130,1235169.652119738
9808590210,1184023.609617327
8074200175,273325.5914106208
3463400330,422817.6648541031
6306400140,796195.0939987191
8564950250,534179.3720701702
5381000070,219479.39374303294
9826700697,476548.4585847444
8132700190,431261.633345471
7943000020,169487.8831270138
9547204675,593572.1666593887
4112100101,529477.0682160973
727500030,756579.0910208061
114101426,362622.28388218867
9274202005,793876.2320699252
1193000380,861522.1635596816
3039000020,459982.9412027256
7852170130,669032.0912708653
2624079010,602405.7320045175
4137010540,301842.6839213918
7576200012,671345.5117530726
1138020020,329850.12181944784
3969300030,202140.12853260097
898000200,204086.64179340698
5153100030,327855.31684366544
5104532030,578826.4771548815
4406000050,224778.32633151335
9274203390,567303.9465274357
8682290360,410667.2402806995
6928600330,267203.31011837674
4139680070,846239.7119378084
6844702690,475469.47658742336
2154970020,2150998.413107197
4385701285,1107913.7966619744
2426059071,542790.9991778154
2867300160,484532.2713087389
9512500720,512910.63257051056
1773101020,295402.31175633054
8687800100,282540.19282177836
3627800050,1416773.9568689845
1604600227,302713.34142088174
3300701170,430918.82340270147
9250900111,492101.9346301678
7015200790,642125.9538559592
1311100490,251785.39114848574
2469000010,924565.9156305538
1982201596,570306.0581780534
1862700290,305389.766650759
2586800270,226682.71755203072
9528102772,461405.3768831415
5490210200,485093.9314522083
6669080020,424804.81307705503
179003055,231043.04780699138
1860600535,822148.665185274
1592000130,602272.5122567159
3905040170,540272.3667531428
9320500080,274506.74814351863
9276200850,467374.2816244954
224069114,619274.0185743534
2260000340,579764.3517889121
5096300130,368453.3990156617
3432500215,355013.1544731194
2600000050,758788.6221494096
8856003839,232566.8638271341
2492200435,429189.828666971
7855900110,1134371.2737067495
6806100250,318660.94792669854
2770603523,502496.99745582
1370800515,1729357.2586782733
2726049150,495971.013331007
1226059161,531052.249659471
1068000375,2792562.22614302
9528104109,499517.18058110727
5126310060,517216.64916833787
1951820070,567361.8847248132
1545805980,355815.30031224707
9464700340,859407.2976837395
4319200675,850793.9008886486
7518500885,581599.8444279929
7852020620,492030.69958694704
869700370,307172.3473679823
8643000190,269953.08230057254
8902000267,526043.5849175972
7972602435,218339.04746960563
2050100210,808704.0144943602
6705120540,531600.9926134149
2767601390,570814.6222707533
4141000490,1202476.7337066801
9345400350,708054.6799924077
3222079162,314588.43168563966
7789000120,237241.56248167326
6646200770,661302.7928865583
6666800180,769628.2378794247
1725800280,492105.2093269393
6117500460,808485.8489779305
5470100220,233106.70679253235
5457300478,462516.98096348846
7550800195,585459.7761082938
7787050180,541364.8777825861
6204430250,499875.3419762751
7640400250,496409.8393152442
624110920,819557.1205807403
3629920140,391481.3643423249
7173700518,707563.4546232305
3210200395,242701.7108895067
2473480560,392076.28431878774
2623089141,447843.7982547209
1423800080,222359.02221054453
2076400050,284693.82298121747
3832060120,299890.89572273404
7702600930,419780.9108229859
5101404555,424951.63237134594
3723800415,431476.5749819254
3356403400,232006.90440426389
9214400125,507596.4906472132
1797500530,571098.2026105421
9551201660,1101746.641053291
3878900815,369124.5909496816
1760650280,321281.9425917795
5466410030,240164.2684104339
6388930620,570639.353232969
2331300395,749659.9777478839
9412700160,294654.3762493043
871001611,598506.9418349018
3142600120,627088.4849876992
3995700220,351683.34554932767
2310000280,282813.6359069639
8039900400,395409.46089525573
7504021510,726973.5924280846
1959700445,1716307.8775739865
1556200155,573719.9083256952
3629960590,358440.42659019004
259000240,442966.3848899634
662440020,395705.02415872907
3123049142,498526.7888840158
321100260,688813.519516684
6840701095,591350.6206247002
3738900165,370831.6236556478
4427100130,358097.9143254027
9238500100,450696.5901936115
6145601810,376642.10307551
2570300090,386288.98450078565
4017600010,472122.4737564888
1005000220,376220.349365424
1257202120,489091.9527122488
9527000490,457732.07480663684
8691400080,729442.4863592027
1726069084,427439.51566202653
248000240,201832.20417118873
6113400046,346959.94031885895
2130702350,365256.9719910171
920069052,265260.9582957738
6071300160,592572.1137134486
1623049041,152154.65405232192
9268200285,354731.0155203344
1843100520,378164.1516835525
2887700826,627377.1930104719
9122000385,621613.3730504528
9475700220,390892.5457279127
2804600005,771909.915736306
2896400300,417302.1557020006
5015000180,725737.0525264603
3630220180,785258.9786274459
8832900780,564783.7729118736
1568100300,406521.92191519216
8718500610,390638.2557876004
4147200140,1248505.0466800537
1973700030,849380.5017630404
8862000075,173924.05361911174
9320990110,312142.7275944602
1151100035,392222.1819254721
2011000010,240748.64540384253
1651500060,1020570.1249433544
446000190,751065.2226561605
2344300220,942454.1295279403
523049195,220334.72355637635
9191200015,654573.5378235629
7942601410,738351.5878416755
7137800300,205173.70643881586
7853300280,509298.412042509
6654700240,310907.90026486095
569000050,572067.9062668647
3584000180,229847.6923542183
2026079055,376628.9999190573
8898700880,270334.7776791323
5075400150,616098.7277566615
8731981360,352620.36336749286
4222500020,235215.6546212201
7996720050,581262.6876127635
4077800094,631395.7696640809
6446200365,583258.2069171325
2824089053,466364.92723061657
1311800220,215207.3426176929
3522049063,623678.4875068759
1721801280,187185.35371891627
6131600240,210883.76535374112
7202310040,597600.41994141
1123059125,477878.9730234598
646910160,235660.24623593007
5630500005,353476.2947162316
3342100785,270299.92085270665
9547205610,667764.0268903463
1773100123,285403.8671865078
3353400092,290174.3330396501
217500015,390811.37386033573
3649100031,398179.57046163647
7896300150,273562.49930910865
623049185,249611.51721301515
1773100430,288775.8600189268
1781500220,944101.867159636
3395380200,242228.3506104642
2424059170,2150877.239983188
4389200765,1748705.5077214937
1543000060,476635.61184666463
6154900005,633694.8002657138
2902200240,448526.6825290957
1442880640,513987.0783078686
8562770490,565463.4623073541
2768300655,588964.0199077443
3432501315,308684.8226673703
5035300570,734290.1787126729
3626039028,392523.6318819095
3876540780,240344.88925715434
327000100,958680.4117966814
7551300065,472004.61629548366
1312920060,245602.32770302004
2215901230,258103.7054623904
6306800010,448812.90574931947
2767700022,513121.8621753699
5589900610,523065.80025903386
4320200020,629976.3662186784
5249804655,569865.2614086991
9238500480,548684.1781160537
3885806565,1171685.617165566
7905200205,449854.43370511703
5727500102,335972.4513452123
3585220070,412343.0411760213
2078500210,544150.5477454102
1839920050,385774.91278617433
534000080,339747.7989040476
856000255,603497.9778223295
4141010110,1674981.736980984
9558040820,636309.2070727978
7768700315,1167300.971041603
2796100640,278624.0376604858
1922059010,194720.2865813986
3448000542,282811.1024475214
3883100220,276371.4764969901
7237301210,277558.84107963205
3893100456,839370.3515330633
9578501110,349534.22427785717
6145601995,407118.4080372595
4024100120,341688.5577622498
8899000050,350404.15070680605
3396820010,607566.0606380227
6749700117,349627.00472977123
1954400060,510789.18912834534
3303970100,725117.278477133
2540850070,454577.12377564167
3797000745,521283.63840667234
7883603700,249121.4883773258
3438501452,357989.7571095741
3530210260,768881.8965250165
3598600049,197001.08570999818
731500170,353077.47379407985
7129304375,170304.87409345707
263000006,401150.7111755547
7212660560,303118.7142937597
1112700010,422431.4403759533
3420069060,563173.5037372935
2473000470,438784.6172885341
8691390980,728318.7488934087
6184700100,457137.92664273194
4476400275,367655.028704378
2968801240,275419.7684146931
1529300160,420728.03526432195
7640400070,576157.7012062891
7016100380,464035.7603983261
2172000890,475483.7282228262
4035900015,740217.6596119663
9528104660,1073238.4059406007
507100005,372322.9959442873
2783100160,383121.628636837
3629921140,887777.918541101
1099750610,239984.49638268867
1330300451,1011926.5304147793
2757000030,1004386.833819637
2114700190,337114.30676290375
2050000020,934271.6104198066
3832500790,279494.1722026001
2612000390,331330.3898858157
1483300430,355257.0862487941
8899200720,270199.9215181378
9183700470,297163.5525167489
3530490031,224849.82033935934
7857001225,346855.43530985643
7920100083,415401.41293593904
2254501620,463168.06615553686
3303000130,449477.07102669426
3876200070,405633.2618333393
369000365,359806.8244588046
3052700385,740128.387773216
7856550240,800697.0487966759
7300410110,381477.64634562423
7201800300,441735.9270568969
1695900060,487330.5478602053
9429500146,1190402.267873386
3629910240,657254.8619648737
8805400090,249324.61929824922
1022069050,270268.9699011465
1138010530,367439.001582806
7877400266,188712.6327266758
7974200452,915705.9810080173
2126049265,454570.1691576702
9547204350,708341.3055970749
5560000680,186979.00918393373
3793500550,307166.86704227206
4217401195,1007702.2838248912
1826049408,387613.9160583894
3905100210,470017.51332174626
7695370160,491033.4863703602
3210400060,239942.02440750267
6146600170,174312.612756309
2767601750,487474.66825102625
1773100926,338139.40841276373
5700002125,513899.24543042574
1951100100,191594.02382610264
1402200340,359941.1442347595
8044200200,370363.1596150234
66000070,353678.76728034584
5083100065,189439.45935224424
4027701284,416615.2781332458
5693501100,543921.6170710449
3600072,511236.45401756244
8078550250,304714.05256831425
1922059046,320123.65250421927
2902200016,671454.0610184188
9183700845,177193.57841800654
3333001997,352911.86266913975
1432400525,257954.61187538455
2824059128,528902.9057936227
6453550090,892495.6086440871
6202600070,1454182.1473961733
7524100280,224134.257853964
3524039224,956590.1720482387
5739601300,546094.0632568329
2473000410,414055.8662195966
421059018,282378.3637854046
4232901120,725662.3536661585
5559600140,252303.02699193268
3797310150,294232.92197786766
7986400265,750263.3391793745
3025300095,2297372.670613472
7524950830,579576.2996952808
9407100730,265896.8183747549
3812400854,387990.06340775394
6002400030,331298.44719375117
2212200090,249431.89700281897
7202330610,541882.3133438054
7300400170,322827.46483512333
8965000110,427020.61523190746
3996900125,322416.91893205926
2221000100,290141.82700489013
1524079088,345577.180305961
1133000036,369705.09702169464
1868901190,700312.648970124
4037200530,471077.82405775815
2095500120,337307.27198111074
1995200338,870786.2724713898
8820902350,695799.8164554479
7459810210,374322.5184319482
9536600010,424462.7465530186
8085400586,1581347.2551454422
7518503065,353005.92676229595
8682320350,639584.8272354192
3179100790,718670.7376473371
9828702666,488215.6409964214
6713700250,527929.6844128898
2141330700,619479.2282969888
7519001990,435157.2817866452
3223069019,342611.59940642683
7994700030,386408.86745049886
2592300450,288660.23864955106
2792000010,406642.14909447584
173000025,344071.5789439166
7203150330,672460.4028175552
3305100210,837793.5613795068
2581300055,1038237.4863809574
6613000750,1580114.644235483
7015200685,651735.5647640201
1323089184,433707.15281419107
3793500510,396925.9908591181
2225079030,347893.407276114
3578400710,393326.11436619953
8100000090,251291.50394816173
2095500040,317334.57226788724
8682281710,695809.6003336982
6163901380,297126.15187845315
6918720080,660805.2987951902
6914700130,478854.9130967377
1205000215,489969.2840296929
3800008,271376.90862365783
6150200180,271533.4228929603
1223089066,744409.9968226989
7768800290,814933.3541404322
9285800330,830677.8650885328
1974300020,431771.6963095473
7628700050,901936.4727974412
9376301800,628355.4072635708
8651430220,188681.8757409412
629810350,815387.9366472122
5016002180,939482.8477229277
9558010230,373184.5456730057
8732000390,218712.03983659268
7899800586,358314.4250061302
5249802460,447331.1603956787
1446300020,521704.003165755
7785380150,509485.4041701196
1245500950,696394.634280643
3362400640,626670.1951081526
7578200310,677118.1596841228
4137020910,298776.92190592474
11520640,790609.5618138558
7972601995,259929.13567610102
8122100160,381699.81935782
9456200450,274018.69479495665
1328320760,335371.9488085205
4025300285,312036.7851385469
2721600125,968317.207946297
1123049027,209566.56470243447
3542300060,231399.97293552302
291310340,587177.4750838965
8651720420,458251.9499655069
3298200790,390135.99131539237
4037200585,432099.78973761544
1329000090,1415097.2190952431
9279700013,1190514.1892504648
4151800265,588144.2196206909
7760400210,243090.00929622128
5029450110,216387.10878996228
9492500160,854613.4972579145
3578400270,399783.59342040785
7606200090,292268.7648180416
3682000050,335966.0957794009
1250200415,350338.3060967048
629811600,695867.3045510143
1839500115,341531.7406044749
1176001293,1522979.37445962
3013300409,402446.09230164206
7853280370,815060.642691398
3275780030,654254.4309560609
3336001946,210154.52372754633
5456000110,762132.7097609263
2473250400,299049.73714234045
5393601635,534170.3769695146
8820902905,404436.1891086087
1245001659,752094.1164604562
1523069215,421270.43685501075
930000234,454111.03902528173
4083301645,699166.2933176978
4055700778,585191.6801919559
2781230080,427575.91684209445
3629910210,666674.1233101403
7856700060,630936.8590034276
7589700055,482838.3535574409
3888100043,366981.71605930413
6381501636,390354.84409135685
3303951150,390365.0682793511
8638500170,341903.2307536141
5635100050,406839.205424705
8820901792,816863.7863244301
5456000025,1303791.3284239045
985001275,153690.10355769825
9560500105,716464.9395563733
1421069117,244137.3441623558
4154300296,256331.99472995466
795000620,142022.99040789148
9828702335,524587.6224135284
1250202145,1012394.0794778826
1163400070,276242.9980032007
5652600065,626484.7703649553
1042700050,829051.0102475437
8899210320,339666.89145687834
1651800030,1393722.3399954813
2919201365,753893.1332184676
4365200895,318867.7033149302
6841700100,916731.6002097642
7376300060,431669.6265664967
7852090180,542424.2964963117
9222400565,551195.0135664264
9542400075,875151.738953145
7338000150,183685.27563905556
4322500110,564452.7551857507
7694200070,397691.0765020474
9321010130,240448.07345327237
3204300455,1230028.0459157024
6706000040,285873.26690024673
1565930130,426268.80298148864
3279000420,222244.20678153643
194000575,503887.30642859224
2115510160,236616.84976514583
7522500005,562213.8068212838
3787000140,456911.67590196105
7852110690,633738.0711036322
5469700260,393467.00821642706
8691410730,727456.1812842683
114100763,309990.95221060404
1257202430,955317.2386884908
7000100635,617372.223951324
1900000195,166932.0499355655
251500330,1644554.592261209
7701960210,827774.1806716153
4037000065,444345.46163839195
522059299,239886.88579346798
6072300800,676525.5062433525
6821102358,545053.2875871472
5029450200,201812.52520199312
8860310240,590479.8592753826
826000295,378683.4210259629
9417400110,398496.24811496265
3959400345,758708.5219790231
8899000430,330305.1057961596
7527200030,651537.4545042344
8562720410,1295166.1597900414
1432400335,206829.83106607705
6699940320,353012.94552257244
2525059172,698922.5387925097
7548301044,369595.6218998625
2141300420,867364.6644418812
5100401414,419763.389247673
7346600092,237882.96881586872
6852700478,541766.8060122434
87000213,273622.4908035417
5416500260,302998.0826816416
322059097,273643.3312361187
7229900005,345352.3233178218
7116000350,159573.39174431737
3739500096,362132.54036030424
6744700900,646650.9241694126
1959700550,991629.9559030819
5589300435,366076.2656654468
1775920350,356469.33348184894
3750607974,291064.9124309307
5318100935,703757.6511766623
1442700430,502435.84212276386
9346700030,709868.781048224
1841500050,338059.2245830692
7278100665,291277.9130797382
8635750980,597235.5429609691
6909700340,611145.4505830914
7011201475,823731.7465756505
9348500220,588184.9964843213
3876313170,416454.27085826616
2195700050,888819.6917578379
3760100200,477899.4171357198
3396800120,494226.0248396096
3750603685,253121.82161828486
9828702310,495359.36092365644
8656300380,369164.89752424374
1438000170,562549.2766044912
2423069164,462996.4055777375
2112700845,319997.14904330333
7635801370,513206.00674873596
8572900135,401221.0530341497
7504010590,755354.8306925902
6821100125,462480.24780071375
4310702775,311136.83372412855
2591010180,420561.0013261446
9828700235,616726.1242209291
9376301180,516431.3176146837
1646502355,1073841.7506965362
1498301672,526183.4742263462
7715600070,390035.8283105345
7283900045,481417.0265859971
522069119,483827.2745624606
5200100125,611766.3034703612
826069184,490337.4052148944
3271300155,744007.9689898931
4444800045,675339.5909556571
8682291050,750181.6285523322
2770605420,527623.444189828
1556200205,544536.3429034469
269000970,1416518.0404258033
9264900880,254949.4855627704
2323059074,243087.81556060808
1224059053,1202724.6861432209
3755500065,441037.85117334954
2571900430,356118.32524817524
3705000070,283809.9330902047
824069173,602209.6934103805
1735800050,144656.29626949204
3025059089,984279.2639763703
6132600655,935519.4548121
1068000255,1588016.3646866495
3052700921,678729.6905718893
3024089057,398120.26163236867
7390400026,277133.9164088154
1787600224,417159.4474382388
2923049372,285352.2068490532
7015201015,1010012.7893163528
7701990040,878266.6212900069
1925059194,1071162.3361174
301401370,334599.53878999886
1931300955,454804.85758602666
2395710070,348890.3777097032
2591820070,390472.58025390684
7883604065,268680.1484785192
808300200,495109.28276407026
1421069159,471713.08345951483
8562780540,336639.7140660842
2787720300,362866.66782194085
2349300069,321538.40893149027
739000035,170426.50212493117
2397101460,569663.5224714292
7625702437,392025.4975539287
5101406441,498243.14584618626
3323500010,1216444.9327287555
225039082,808508.7211986966
8078100260,350373.10990218347
4139480200,1344875.5122948652
7436300160,581468.8082856969
822039004,646017.746299631
8651442910,250131.8074330682
1370803510,677416.864822562
3342100569,604740.106714168
1310430400,509098.06048535043
104540820,240260.30517694145
4305500030,583922.7330732417
993000090,764958.5540321654
8044050040,422501.8748531858
5707500050,808637.1119487906
6306800080,371539.121551302
9206700190,708847.9357934671
8732040090,309560.10930392
3037200045,450533.8002275429
438000025,635014.216087441
239000115,324982.98524816084
8929000230,471840.7920355159
7135520610,1064372.2874695312
5561300340,516247.90965691366
9530100085,709100.9975520999
6613000140,1459031.3228729796
8835210130,333866.4143247141
3782400190,374393.92841050384
379000051,290122.8885489396
3869900150,336153.060985835
4322200050,501877.33173184417
8961980290,686861.4412204163
2558670110,448928.232017037
1124000010,426635.72625157016
3869900138,473055.8553338968
7853300720,485057.3630633
251300110,263897.9501027326
3904100041,290400.8320644925
7701990300,831847.379992441
8682231190,546534.6702878542
7888200240,211755.35722980634
2025700730,285469.791249602
3066410800,659777.1529371993
7576200040,721341.8067588814
2526069095,1117681.7407502043
2781270530,188914.23884323583
3763300005,440053.3588102026
1523049083,215884.18652529147
923049468,198890.22546392743
3303700221,620545.2667285011
1502400140,229726.1669819927
2880100160,982596.0368088889
4083304535,800823.7869255529
8820902549,559762.421874247
4139400060,854815.0176472565
1222069094,320917.80895258725
9367200205,645550.5873383884
2734100736,310078.0764850461
3856904580,703557.8818829724
3812400789,342013.32270066737
3303980090,1065091.0668665287
1314300018,335615.7747575192
9522400350,550199.703117499
7524350080,363610.36963807896
9406520260,322829.95594166534
3278602040,403759.6494740319
7696620100,245793.05670715368
3751600635,249002.64434007686
6365900065,416749.0805754273
8732800100,275205.6369286747
3876540410,238309.37745068056
7349660050,269206.6806861172
1036700220,802150.2816026758
5417600200,349606.8812623973
8732020310,283474.2768510173
6844703240,961416.4715344979
923059206,346894.21529655345
4038700220,545410.2042349885
2597520900,772107.7361186227
7203230040,1012962.1571681534
8820903560,323226.14398245845
424069112,717695.6222774348
6056100102,560949.0293514899
1823069155,437539.82345311594
9412400220,2373895.2784488713
6851700381,1024163.3030594249
13001215,272694.647583647
3630180340,819672.6938472643
6746701090,546062.6357872955
3832050760,270939.4198619119
369000690,485510.93293301435
6071900130,574508.0027210006
7266200085,673994.3135423721
1473120390,446897.9947773821
9523100458,574271.5322878382
4345000510,265210.0653342438
6600220090,485489.3038364797
8079040320,410218.3671386707
1357900060,462919.58395248884
3996900295,306635.9563360412
1442700250,516416.9422219544
5021900175,548513.6389235491
4365700130,342726.3206705672
3876100320,543054.8725009011
2124069103,454436.33818412275
6700400140,258909.08983258036
7852090810,543263.6061649191
1454600038,974633.2744890301
4137000250,320004.0168842298
9826700726,608971.5663628657
6716700325,485671.3881712287
8562750300,594886.8187540713
9315600050,1675427.9881607753
2790410250,637820.4273536361
7732410130,737263.7527827248
1387301730,356948.4036424948
1568100220,335626.8954714206
3975400085,867230.5589514007
339600110,439952.44617676496
7888400500,227697.16028483107
1842390130,698343.6572977102
7595700025,351729.96368340374
2158900140,791771.2741444145
6151800070,331998.99764651473
9294300515,735853.5391155718
1250202660,774278.3114002856
9106000005,1031483.814097226
5035300085,647778.4451952825
8898700440,266624.6742174408
723049197,205384.75402186727
2019200220,232957.6059945947
2926049408,636551.2911473617
4233600190,844698.6024768027
9268851860,440249.8105555759
5458800620,684188.5840828636
424069096,469133.73444481625
8150100265,254448.33720291356
2742100085,406807.45667575503
8045600130,404405.4159957876
8039900086,307769.9909447271
4131500190,321578.66147570184
1370802650,669248.5823485228
821049149,256493.09765596702
5104520460,370612.10755562154
5466750140,245332.32085585466
1703900155,295293.7834749873
8658303065,321873.89102785906
3298720030,392403.42728743923
1839900080,306599.6655058403
1561600025,784987.2333120033
6064800410,315352.39016367
621069102,194041.7439836758
7853360620,427287.47952518426
9385200045,665673.1809715881
7214770020,623608.2192354025
5412300100,237690.04838343558
2025701360,274053.92569847644
7334602070,296829.1133123695
8029200190,207672.8543571453
2622049052,528933.400873564
3126049261,345994.58587189263
4443800705,431233.42685880436
2473420100,317320.5191682374
7922710520,547776.203315565
3336001911,273210.9220367484
3797000300,466627.50065801607
5406500480,644290.8239669871
6706600090,443948.2979982403
1518000230,334038.20189112483
1250202990,783497.865441352
6441800060,798433.9559731182
2141500070,438602.6732177451
9407101900,273649.41504352534
5451300117,2057825.324626419
326069132,492600.9584045769
7153400100,247888.4755922083
3083000910,422948.7602023943
3021059304,346587.643656281
2597530650,839153.4309738356
3972900215,312253.61665842595
2473420070,313597.02153778565
6115400008,494621.0578329574
8682220230,802228.1820899552
642150080,490768.668335952
3775300030,323546.30815596465
5418200340,671891.3713162421
2424059119,1041129.9668628221
7899800476,241898.13201250412
8598200070,267900.9420743597
2421059125,494919.5996810648
9528102771,556465.6885980899
7522500020,581852.7589453046
7202340720,596198.978550621
3286800260,599081.1568565732
1121059105,463324.6959420657
7504030220,638659.0494285399
4045100190,1590262.2803079775
9406530090,370687.1170336206
7138000260,258843.8819965804
2600010390,726685.1562175385
2917200365,419019.353968874
2191600780,206461.7325258766
7784000180,500619.2021839313
6149700194,316034.8951477067
8082400136,717747.076846979
7202340930,669006.3264308365
1972200556,605902.273371937
2767604170,463602.87095179013
3271301175,573049.5158922502
3223059303,469629.93067795824
7598100735,1157582.337540419
3348401490,313855.0536148501
1545803390,267890.9309922216
2296700050,476381.16216093156
3626500045,686996.5030193542
1596600060,302458.1710594783
3616600250,1246819.0950576519
8078560140,277951.25082523416
1796360350,235316.70482968236
2770601763,521423.41663056565
3223069118,701776.9141564034
2473372040,368221.70088765566
3575302759,375633.0633312315
5706200170,466905.27051087975
1774000030,479765.12549813004
2224700136,352890.08775690105
1250200418,363507.81889179343
5416500840,367439.9695143921
7335400345,158195.75884832809
3776300010,908986.6354927801
8857320130,546791.5136305279
424069206,755288.8085122919
3592500985,1071709.3787433747
9828701295,413070.18109176104
2621750340,296942.2328270009
7334401000,255628.24260814337
3286800110,586448.256313138
1722069097,476697.79645235563
3574770030,498071.0817879263
1336300610,1085711.3764197915
7230900100,337985.9901763588
6141100320,296879.7246210635
2767602356,724100.4447906635
476000017,482448.0365667662
2558600100,427465.88045288465
3500100015,274593.4378424691
4074300150,424055.7596088522
8907500070,3811193.445464183
4388000260,188256.53561259553
2475900850,281256.88956995955
7852010900,540536.0473716678
318500300,700214.5724430908
9200000050,171293.6607370024
1026069106,471795.9966133032
205000120,650785.1407319589
2616800600,796723.370868842
921049141,606788.1174782466
2023069059,701785.3562853873
7229900145,426973.65638677444
4376800010,532476.5656757428
4389201095,2216534.8511887025
826069127,466959.0466666234
2310000250,273923.31968467607
4058801225,326196.3421723841
6600220550,455485.46359543747
3585300194,1415892.335763305
2594200375,397446.43382127286
1102000514,909491.4626066833
1862400471,384975.26171435043
6928000440,292505.1227306254
9578060470,494205.10039546754
8732020670,252233.62284914838
1823069088,299328.3978083689
8712100350,1044276.0295388162
3420069055,317355.3693869445
4229900140,360706.07362962
8682280490,414907.7025973144
3830630310,263080.4129043706
5100400251,392516.03999432793
1737100830,649813.1334054064
1630700276,373952.9742753983
6326000205,486122.42989126535
3426049284,1715047.239036881
3814900260,409391.89258204977
7403200050,942500.8785455894
1725059252,722538.1394880798
8899200570,319398.73257989454
4137000700,264992.26908746595
1115300270,784915.9720961906
3904920380,596639.472016359
2695600195,326951.1644411256
9542100135,815613.8153811016
1552510160,427280.2570435963
1823059241,692378.3657289902
2193320450,584499.0450407236
1122069006,497097.2313720559
7853340330,393109.95990696026
1954420380,482598.9836265371
7299600530,275082.2272846783
1760650670,260463.55071588958
6819100080,561073.6776694426
2767704649,493073.5998135852
2424059035,891633.4706232129
1566100400,403212.7975995114
5255690060,487357.44704649865
8860500130,381340.70640120783
7349650120,314998.36952924036
3291800670,411707.5227970066
3764650010,505949.38693048013
5416500950,399501.61339955596
7973202712,213590.56969623693
3291800120,235606.47561270487
9211500620,206523.99638585793
8643200020,376676.5665412509
9197100101,182870.3321944665
3531900060,329120.9220767538
8842400071,407402.0381410474
6844701680,461406.4952800134
6413600285,414647.8938984102
5196410260,883887.8632412099
824069121,828531.1161587129
3876313120,409642.9928766513
269000030,1039100.7560351478
1560930070,626043.9606500452
4435000705,231318.92057386253
9542400025,930662.7610607074
2470200020,1383312.17548692
7519000580,529139.9547177657
1226059101,482633.26742507814
4449800063,369246.64114707167
2815600305,560402.0993670359
3821200050,308496.38928284217
2644900110,381488.20147800783
8058500005,418647.4080112296
1099760230,226071.79274328504
1954430180,528483.6391454084
7853360480,513486.4061375599
7229100040,310913.62183726794
1432400120,214615.81572840875
1898200080,351282.97603466193
4054520100,875081.0314392163
2568200140,780417.6640756957
587550010,611619.9282981356
4154303215,887663.2966954887
6358900070,1070485.6594786863
3277801640,437867.5338875559
6209000165,345200.3260146656
6143000020,253597.26112098462
2591780180,389534.3165228505
5412400170,246675.19252070063
5466350120,252321.38567274978
2877104196,661854.4256486043
3222059007,318798.25892086467
7957600025,246679.3494092722
2698200210,260817.61608941492
3764500230,587282.4067666687
414100630,368749.99294877297
8029740060,326825.39947087585
1426049054,338796.6023482275
546001060,627846.6785194818
3277801417,531234.1488838688
3630120970,785182.7177558641
2326059080,923132.8042755038
3278612370,370020.9014179273
4024700100,314632.1417421052
7697870860,236388.77943155277
8562900240,574711.6721500837
4059400585,200360.48606084374
5703000050,480864.6788228593
7701990560,819769.2503913491
1760650610,319324.2225099168
5408100035,423215.49609516567
1370800560,1254504.0633113186
2880100240,500632.22332997
3630060150,548343.5488150463
6071700020,539424.844865108
2473002500,430864.9419509756
2768300650,539493.2570041161
3523089019,738160.2568021672
2787250190,522876.2554729251
9477940440,437509.1263788836
8732030440,295436.06689496676
236500050,321466.97822731506
993000100,776723.4551211064
5466700360,268468.9442769883
7203220300,879755.5433623124
8682292180,409149.9595483303
5209200010,505154.4170158447
7853360990,422607.36853734445
8663310010,427882.2318285915
2313900165,554601.6321041861
6114600030,506457.2427605522
3303990030,743182.2299225354
6679000960,355471.142233279
8161000230,541718.0868007228
9510860060,708748.3372053182
1223089083,718578.4796477705
2721049059,285796.77075331716
2523039278,285980.6672886252
9826700707,526109.8518342697
2159900120,468126.0803948545
2767600635,625582.8967946725
3812400455,413614.311206103
7852030960,464673.3706545349
319500080,705381.6093891473
1061500360,325201.4527736515
1787600209,366524.17514383164
7888700030,509328.48780320794
3623500260,804695.9581899083
4219400520,1238460.132321545
518500460,1533427.004126502
2500600297,298595.1596052312
7283900010,291942.1971136506
9225900055,299089.2481918946
4036800925,425074.8729366942
7967900150,370505.6998159365
1782000130,404935.6652568917
3163600015,142755.77514255163
254000075,443772.6751855595
1424059022,1039691.6723874742
2768200090,750595.8779591841
4319200505,476936.4799849407
1592000780,669163.7731746719
1687910100,587852.9797275139
5200100115,578774.5829104186
3751600176,208442.12050083437
5608010650,864510.2163978759
2051200506,292463.9611235089
2781280310,297831.9527546019
1023059190,275945.49056504335
2787310130,256230.40500925432
4358700100,427486.876862452
3121069036,500459.0862925178
1959700225,626380.7786916471
3205500230,385529.47930922534
7974200937,519408.0737274217
6819100111,902171.1219789707
6146600175,179014.8863740591
1525069095,819810.500541843
1231000510,469845.5016334825
4122700040,1036004.066349716
2426039314,310050.88021162595
2013200390,272015.77438002697
1854900330,677961.1867140116
1923300135,589290.9056307573
582000135,505366.0686737087
587800130,292552.09256954363
7840800135,228665.49620044846
6116500366,346711.231346005
6392002635,632861.4315410218
5361700020,354636.14072349353
106000395,415597.5116136698
7199330390,380566.13936780614
2484700155,558711.7959852745
4038300070,474165.83444126503
9407101850,310359.8408312589
293610040,629918.2884573999
7202360760,806341.1242669929
5608010750,1124038.9388333801
7236500025,303669.38033334276
9144300120,321085.83866743534
1454100267,371954.276003144
1377800135,603270.9515179326
7967700570,237920.461677967
1562100220,600276.4078602503
2923039243,365108.5468674303
868002080,792633.9827036342
7137960460,265727.6183975005
1023089096,298171.70114082197
3262300818,1593298.6087493964
8563050110,532143.5859987227
7137300245,419044.0606948323
4365200630,440042.1459786631
4100500070,1878674.4080340783
3821400200,263507.6135931857
5379803386,247124.73428626615
4237901075,604401.585723579
8118600155,387179.73081992177
8946780080,894508.5710467128
1428000970,391017.48368368554
7011201004,667750.2684317451
2799800180,352362.9139098635
522059130,254424.0493694364
4315701163,564786.1975585758
3649100387,428613.6996964182
2125410210,439656.0313154473
3224900130,223126.4095287246
6798100661,290014.0752101508
3626039325,821191.6405675914
8730000270,362730.68540061865
6065301040,899956.7278537247
1665400165,225532.15260715084
2203500140,401627.8005416494
4058800875,328788.4555439962
5076700025,480087.9157864669
7853420110,592034.7052660976
7818700480,325206.70358901285
8658303080,391131.22796244966
3187600100,564567.8177224022
4077800518,368187.57236080646
2470100110,5213679.925148818
3451000206,340371.03422003187
1843200350,201017.91131850326
7904700126,391196.29733577045
9430000070,272131.5167096755
6003500749,651205.4199376466
7701990700,826908.6510686398
1310820150,349999.68646601157
3975400190,626742.8007212584
4100000050,631339.426152549
7202270700,582547.6102209991
7370600020,620691.1517330136
126059225,509837.4425511718
106000015,432401.95154841343
4458800060,1050709.085000095
8944290090,242422.40536673018
8682250330,649484.5380728288
9834200390,442118.0988474584
3275880100,734404.2546839361
7227501190,232613.17106332933
1796100010,646153.6139876681
3831200210,298195.0807974796
2521039066,270545.8935741217
7701800050,427978.2991218016
3904960910,649143.9064674122
5647900670,270230.4668832778
7234600796,531866.7880833423
3021059244,219039.84455061884
7787400030,1831753.8242661322
2051200436,567265.0850238454
8820901415,370773.6574863218
3523069047,832813.3616993761
9194101388,444863.789875773
7277100610,300484.2601022982
9471200370,1991676.7180232785
2767800140,689196.6115032311
3629870110,555623.8193038855
9136102057,629629.117478838
8648900060,526129.5468477521
3678900110,367716.3581464878
2767600150,497388.5229976346
1972201511,626056.7059006849
6055000430,501799.39594570146
6624030050,373642.23283226596
2215450150,326697.80377744103
2767603824,457088.76155914285
3585900460,733231.7624615195
2922069134,414796.2847498821
9267200062,353275.4146069582
7228500425,561590.4469227031
1089000190,894676.9057399053
3359500960,489610.54844687594
5152100160,439097.6071151367
7230300060,354903.36038951547
2423059067,424056.41839208384
8016250060,231246.0480901497
2524059267,1108980.2830736886
1438000440,507789.3458766785
3326069026,612676.171086202
9353300600,331313.386578513
8691410060,731625.9733931648
6332940070,555989.7189674452
1310980110,284620.70524159184
7428000120,241772.4270884076
3626079040,570403.5510988522
2722049077,298611.27933208697
984220290,298010.5434383078
5347200160,287541.6083188372
4154303655,485821.3378920907
2953000250,263727.07010885945
9523102447,616040.2801550134
5104511840,440985.97801768413
3448740250,436167.289119058
4219400290,1003250.7829420671
5152100060,573845.953558364
3279000460,220680.45406642003
1102001274,1155489.9117445445
1251200155,1141252.8823707087
2025700740,272868.6906993768
3820350050,357926.8373682464
1245000438,716205.7438806243
7853230200,469082.796838361
3832200070,261411.995883341
2926049400,500878.1137995632
1246700251,969499.4055206968
6372000155,598905.5476851024
7950300670,329430.4425317189
7518504130,535735.1367565718
9286100200,434678.2976230372
3992700585,451973.7557533987
7234600786,698258.3063339195
5476800069,370927.60822212463
1126059201,1455561.2035904245
9527000090,460596.00997309835
402000115,286868.5198199057
8818400450,968741.6164768637
2475900840,283471.19067483797
1437500015,175197.50224246323
2848700095,449036.17197187565
1529300135,361417.5334961913
2597520090,798138.4458204166
7812801125,228335.94153275134
3343903647,365735.1460419105
1951600250,167184.95815037857
9542840590,261700.15733739434
8081010040,1074895.3418162025
3262301355,1195449.5201391887
1861400068,434618.1550271832
3295900490,425626.7875378466
4345000440,246568.42450548967
4219400465,969420.9593530393
3797700030,266823.4658371123
3204300860,723808.0228017825
1930301555,544928.8261298647
8807300130,322803.0191492945
4391600035,234957.46445926742
5021900140,1718858.9003692372
2946000590,257258.89666217804
686400210,539198.353337834
3365900462,257292.67594564127
8682262170,392140.0472140085
7312400325,304150.6496100803
3760100100,415574.04750218533
3579000410,465992.6224800864
1773100755,517814.7168378551
7129300175,302610.6857103504
6303400965,231280.49355085258
1328320440,326850.3348742453
3686900025,231936.06511787404
1221039066,384391.20560328476
7950304095,309003.3676620769
3585900785,1260858.6590342615
9455200329,530971.253346367
629410130,741373.5616041876
1994200375,577350.7243155697
6669200370,997367.8336859571
7262200150,248316.86526025928
7504010750,608526.2227137615
5253300173,310872.0324921734
3395040200,311005.452024921
322069109,414913.9763290394
4054510270,1087718.6886062785
1710400005,618135.9347563268
8644300170,680066.6608983182
2450000290,1178789.7825141656
6102400166,526154.4927083745
1934800087,469131.4177438953
3333000775,282308.87529713695
5393600509,324760.0783794991
621069039,317559.1020106714
3343903611,592614.9199377198
2954400020,1134128.5503082292
7972000010,147981.38443864428
7214810510,427800.29961021524
5561300540,505710.7166637278
2634500070,397775.77111107815
6822100310,658904.822023965
9201000100,636771.3544083098
1072100085,354725.763648692
6190701146,428359.5201085692
3277800845,273272.1036703907
112900020,354753.18083576096
1324059048,660535.6183706605
7979900126,411039.3475716953
7199330370,423237.99226503563
6381500720,375912.42602193524
8078550190,280330.1266281745
7853440140,779887.1124856698
6300000396,384134.9260590346
3374500250,377703.79045530315
3343901188,277712.5158777806
6979900010,805124.0488490573
7199340320,561679.4976033951
1112000125,375656.60056066746
9269200150,363451.19718106196
5104510210,305708.0198302416
925059219,587193.4807805449
100600320,195870.5516069119
1789900080,281622.0321141328
2123049142,317447.90648450813
2459900040,544348.7580786943
3902300450,616454.669803896
7250000065,315056.41153542954
7823700005,267116.65871006873
3750605247,222527.68832783867
2771601730,457490.2268978429
3298600440,435533.3688003829
9141100005,555173.8403051727
8682262190,402402.79190387373
9407111250,239838.03648970582
1336800010,1829922.581657724
2255500060,578989.6790750942
7950302345,292349.48321434634
8658303585,272705.93056533503
9184700600,988266.9328627225
8068000440,274126.1463364096
1310000130,317057.0772007199
7853221330,726868.9554588377
1222029077,348089.76052048587
8562891100,340852.41924037517
2517000260,384726.11891959875
2225300149,356783.3798765314
8651410330,169958.43796081826
2413910050,573285.2847363102
9407100720,288822.8741517551
2112700920,355557.60212996294
3761700251,1092020.184392191
1036400100,678224.2984336587
3585300365,619655.9784033897
8562750060,857427.1929092952
2719100042,533393.8757604591
952007055,426982.28805696947
925049318,584071.2747713473
7203220260,1002947.7435049505
9320990140,314703.43680530664
8567450140,536050.8052825436
5379800810,165757.871364495
7784000100,546974.3262924206
3992700475,408055.676404537
7905380280,429059.28882968606
943100683,409687.49875787605
8029770470,531860.4198827102
2818600060,1035725.5837784531
1226039124,398385.16815586627
726049184,254376.40164090952
795001930,227660.73369239664
339350150,761398.1288109358
1332700270,287596.57584633556
7548300170,683335.0628055085
6141100330,364102.73165202374
647100096,822006.8683434582
6744700423,368892.551634853
2895800750,269564.7605605206
4046600220,377008.9184734685
8809200070,382851.7420298566
293700110,810192.620557672
4178500440,255395.44675834326
4358700164,258584.38812065186
9197100263,263254.3840815436
2426039313,309085.2091396458
9468200163,630346.4181034656
475000190,512610.1941482298
7504180170,451072.64041510626
4036800170,493897.8681359373
2561330040,470990.9146715632
4123400340,501636.5091479026
524069115,821757.4791284864
4047200850,331844.7488648526
8651440230,241210.01347314636
3905030140,571462.3531005357
510000641,662271.1858185006
8663370020,418681.7134132058
2883200760,704981.4769791681
1980200384,835829.6491762088
9468200140,496653.71194802143
1796370150,269960.57136355515
9238900085,556860.7550152048
9191201325,590212.363472234
2538400060,885488.9389093681
3758900037,846096.8709001793
2472920800,401001.04414388386
321030150,317819.7800422624
2571910100,300767.9971550192
1423910670,304162.7589286996
1118500030,828442.9267434302
1939000010,661104.8002910891
1776460190,466124.8688356502
7504400290,636218.7445501675
3448700070,419612.8354504434
7518501025,555749.665810771
923059252,527151.3521723184
1431700210,257671.54609383686
8635760480,557394.9101254521
9175600025,1411091.0805871892
7922720250,504340.6525952324
8944360390,478542.17316146253
8948500065,228896.97059598612
8669160310,279704.4708331872
6117502745,465750.07222268084
1789800020,396576.542274737
226039186,282387.4104237221
6457000080,241030.94100989067
9557300080,533056.6738655738
8562790480,653857.8049366388
6430500008,460762.2648149526
1604590230,722639.2269805281
9542850290,840226.183586647
7831800395,277198.4657664965
3317500030,1153990.6912596582
624101110,811723.3546403607
3654200039,364922.925148444
7856000150,825215.9059320873
4338800685,251658.1140688709
3211230300,429963.55602954933
3904910650,572246.8166062926
3598600088,294132.9533701668
3796000400,376061.7721260111
7972601280,439895.0583036435
1450300050,274445.94525593874
7504050090,732572.6682333394
9202650130,565184.3021422663
2419600075,372174.4957482533
1224049005,840043.9102235369
7129303240,306594.03114835225
1922059135,194576.78592611253
7852020250,663504.2558133623
4139910180,1512135.2773014384
4222300040,259491.30878636683
1024069027,950339.817721376
8944600620,501131.4946727354
5040800060,795136.4899949004
1036400200,634442.668569225
7899800915,206006.54463739847
3325069025,487378.57302176446
9408300310,619056.0667034215
1773100604,352037.84610631544
5451100490,854412.1393498854
9536602080,189380.9909708847
9828702055,407522.9981322854
3362401758,493915.94552338665
476000333,469467.4876134848
4364700730,400068.130934711
5559200020,229793.51089322334
7522600110,246224.55884743284
104510440,248039.3614582072
8820901275,490415.77206091513
3298700125,254199.29605120822
323089172,428290.65121914365
5364200477,593428.1720297269
2222900082,384281.7840544525
6641800020,611739.7666972948
9358001422,286846.62888821965
3438501150,294307.0522900731
2206500430,499908.8144419168
9272201318,538357.0213700486
585000095,646772.8460723758
7708210050,422757.3827425941
9407000840,293274.3935793745
4027701265,473824.077408307
8644210050,769009.5199521063
8656800020,361748.3528871375
3329520170,211168.99836157006
5104520720,318101.98374739895
3806000005,169497.64058943337
2330000015,781054.5248386648
1447600410,262623.93605775945
8641500252,410159.8389038819
6084600420,271657.07063877187
441000115,445249.37398557377
2597490030,758967.1713302777
650000030,753806.5353598391
3585210200,405948.4089773315
5416501030,413032.2150674917
5406500170,653308.7741069024
2916200065,395890.1068137036
3330501975,449260.16367174865
1774220070,593638.2711166892
8731730710,200990.43808812863
7861500150,410849.6662139503
1402630190,374008.09329156653
9117000230,292767.4808662519
7133300380,711339.4724124972
4232400470,673693.540678536
1773100972,340259.40561765485
9413400165,251158.05330928447
7658600025,464646.4483476928
6909700040,928492.2782581202
1402900380,289472.990619152
6625910100,442167.94459541
3204900010,600417.8724117142
5162100820,318604.34433918534
5560000480,162526.83916061354
1704900303,560548.3635157524
8084900170,1659473.1159962849
2887700091,690197.1627706737
4331400190,263062.6725953606
3762900130,343078.827187281
52000067,586149.0072081012
5430300120,803450.9919342636
8956000460,612757.8569013758
8856950310,251606.5497166409
3364900156,356938.7941477568
9310300211,312449.24854603864
6448000020,1284891.4823263013
123039570,439391.1602788906
7600065,595491.4079245768
3123039171,413491.8542814484
8964800445,1503472.9601275416
7857000732,374851.6585586923
7525410090,584911.0075645847
9541600350,729983.7076824202
3186600515,721049.3786673851
4123820450,330456.9938467442
2505500030,1085371.6058721046
1541700240,322924.39808339084
6629300120,330277.18486018514
7399800150,466899.0898762413
9517200180,343295.3109989614
1313300340,512265.3928388964
7967650010,370448.44312023104
8807810090,386695.8822828499
8815400670,736253.9325398306
2310030500,274168.91462740273
2241700075,314678.21502797795
2287400030,307299.61185770493
2827100075,279428.600468826
1310700390,317049.6715778472
5498100010,423433.69120598456
723000114,1379388.5833657836
6431000987,499443.613582957
3356407665,224808.28300064872
7852110050,563037.7992337062
8677900123,440804.81516161765
1917300260,211722.50423826877
3396800280,574601.4128313477
8691420050,816026.3872113113
9368700006,303792.9960761253
339600290,340432.32389460184
1592000250,588371.6372839808
1471701780,341891.3965778947
8928100205,601521.8809953419
5029450100,214643.87721380618
5493110080,2391694.2524372796
7883603750,268333.5478979341
1732800175,900157.9447325412
1518000290,329218.7407415536
8604900017,578729.0283619611
5379805160,318095.8637345492
1254200835,614275.7035739785
3179100482,456178.1694611564
3313600266,202841.21049448568
976000879,683990.7433276144
8819900220,616987.274162951
2130701535,317093.13355683745
1176001124,573533.2606363577
7893805650,396943.3062045923
3885806840,786514.3086811518
3625600190,1291246.9795805174
8562790150,801705.80231256
7348200115,225145.63839004768
955000453,425589.43677589716
6817810310,412943.34846214374
4040400340,467056.1849630351
1644500050,788616.3358031956
8029500100,338574.9833860285
5244801230,739502.7667475728
1115100119,386555.60407946986
9542400010,854348.5246820787
423059387,663456.1818176842
4023500990,339873.821811657
7899800857,273868.797214701
2976800796,240153.5360869783
1074100020,347798.4140999033
446000010,611741.2171752874
7942601200,454764.7282044734
3575305495,868393.879801001
8691310040,764997.9777711773
6117500430,680678.2448790843
3924500130,516172.22152181494
2028701075,483146.64278504835
4330600360,245756.21444732285
1324079082,441440.8056442166
9268200484,690174.866042657
9828701605,570633.0104675544
7518506715,945636.9252882305
5315100277,1415272.0892374278
3942900115,316227.38661445276
1561930020,475189.8108268631
9510970090,655292.8675531368
6163900821,348782.44694758183
9510300220,545030.5837159235
3869900146,347444.50149211107
9262800208,709527.5986917517
2522029039,598896.1197097407
6865200095,709408.0850775522
3782760040,491746.25240757066
4237901250,606250.1198279781
2891000610,211583.95398440608
2749600095,498342.0275235743
5422810010,354759.04785450624
3629980350,760952.4909994501
2459500070,287618.7948446831
5113400364,624157.7652695347
7533800885,759919.2915708596
629410190,742234.629621764
8651431100,185112.8795257728
7960100050,586803.1401688526
1842200040,436151.1834055587
425200205,247919.73937587353
9477201470,366149.0048335284
7905200365,492425.6462273511
6381500635,326633.7859470455
6052400175,357047.96889880946
1236300268,484267.2024855394
6072800265,1705704.1048892
3423049311,235880.29778885466
3755100540,397549.06514978374
7852150120,380646.30772626994
4180300050,391075.40474894893
7625701935,335418.146253629
7132300550,372982.10785189
3025059093,3184803.443222361
8161000220,475615.873697248
7852011020,577692.8535215436
2599200160,319850.3131209844
5536500020,561198.9026807267
2095600150,268516.9903304597
8910500226,356450.77240201307
1681400010,793351.4154965595
1424069110,757844.141904917
5127001620,301992.0224418497
7940710070,395448.8814453068
2413300980,295474.66743202176
7853400250,610023.4228811947
9542801310,290264.41615024
1890000169,539495.8924023402
2720000120,301275.7759196851
9424400105,522310.90417064104
7888780090,287501.05904079677
3501100280,354394.3885065787
3905100220,473652.337099184
723000150,897888.6401270116
8691310980,738953.1484558458
2297400250,457559.4389088415
2892600056,228260.50476014393
5273200080,537466.5220665686
5145100460,440417.8851047457
5561401260,577398.826366944
7732650040,864762.5011629221
7504101280,906364.208555608
8581400345,262000.6685891126
7129302800,373862.84663031634
9551201560,594385.5647860081
1546600020,656399.1622815513
2648000071,221329.99994960302
3339900640,223424.2048964267
7853301240,449627.757334492
943100262,335241.1448084923
7202430150,875051.3986271181
3558000120,339217.51252762816
3890600150,474988.46184108825
7452500315,274915.4439338351
7173700591,639473.0224712711
438000015,660357.9265629773
928000020,411294.874220833
3830700010,402314.063661001
3845100640,404777.023320349
6675500112,329335.8203716873
1773100920,333490.9972706952
9485940330,429189.4833634455
5561000600,461344.06119447906
1786830090,591248.230373543
2011000020,238062.18236419058
8024200681,405260.18869024765
5452301810,1712841.8790814842
5515600075,280355.11517264886
357000135,1239770.2670632103
2541100010,564701.800767906
1090000036,500753.3655633543
3459100300,408513.3043098512
2450000295,1012311.4007680253
162500015,408404.1896445427
2592210290,792760.2231856894
5101405265,546358.7300628368
1122069019,696240.445588266
7501000220,826684.1741427232
1310900140,327792.27494848525
3298700941,239947.10674782502
1972200382,425125.31970169034
5100402764,489262.98029896675
2623069069,666107.3693862564
6372000280,522167.3115341158
4305600240,493213.4527429104
2767602094,548096.8545472347
2500600289,143756.58768202682
7203160090,817398.5998534726
3521069146,571651.4962002467
824059321,1570272.1535326927
9348700610,803567.1241283725
7228501745,513955.78801284067
6021503656,417817.19963520963
5437400630,580137.6976355736
2207100740,416502.4046681396
7202000220,421477.7244896388
629811340,691501.323872961
1324079029,311350.96001231344
418000010,186733.4237550699
6303400290,199835.20426823452
4139910030,1120298.0615934527
3023039066,376759.68628670677
8698600395,187773.9502386589
2799800710,311098.3525967183
7351200050,715183.4304022568
8564860270,502147.33114458516
2591830020,383552.2924984807
4139420430,1271881.5637797487
9828201725,491471.35517243017
2420069604,261913.5589579534
7224000315,201178.5076054189
3861470120,2001398.8784940462
3222069151,294453.5203197281
3869900155,392126.9967572927
123039346,310410.4301956396
305010050,653077.6442181817
2141340040,748795.3998464835
7504021310,710789.935615895
2436700315,557084.0741593138
8732750100,416668.93142295216
3298201290,333135.3599218929
9241900150,1120630.9968100442
1180005220,222502.09376229174
5540000050,303479.502776335
9211520400,250173.74310234562
2623029078,470665.54213685857
7132300695,396456.108984032
6430500219,453733.76464528026
6084200100,391729.31984831183
7140200280,261530.00966841835
3904910610,594196.9205220864
7625701900,438858.15288953116
9432900560,325228.3585690883
1388600110,247623.46245881976
9126101201,388090.8116265496
4224100030,377015.41584179894
1109000390,570673.5158551827
3336000296,262653.00615095306
7504100590,734318.2075921602
2025701060,275879.7656747198
7527410080,618654.8938103779
7304301045,239161.34614051724
2591840050,435323.1801587429
2767602490,432211.917807844
5494000040,940659.4734633359
2473251090,277892.21418140794
3825500080,445738.52023264766
2309710150,355585.9362281702
8901001335,639917.6015519277
1781500435,316976.5725107225
8835220200,331746.29012458865
4037500335,509964.56202806265
1338300180,1959098.3717490109
7968000120,266898.8112332174
686050100,877320.8890694173
1180008315,220390.8058812909
1657300280,431796.7799039734
7856600170,613260.6015775736
4154303125,572613.3374679441
3295730050,617635.582926674
1777500090,649830.673045723
203600470,655636.5543158378
6673050020,389692.59962693683
8731980680,269136.4733919059
2273600260,543491.7377346841
1000102,293682.6669275005
4197400005,495569.4710609451
3378100100,255067.93109145763
7856620210,841219.434840391
9275700765,1078825.2181120012
1246700136,414524.517903371
4239400740,171196.31582190946
3306300630,193390.31505767864
2524049056,1185678.1851453588
2023049245,241499.012430492
3210400340,249330.75544422085
2621760350,303276.79627232184
526059183,437542.6013517056
8078460050,643931.9129569026
7504110050,675751.2332215282
3876312840,420613.2290029222
9268850350,300720.799740939
8085400490,1205956.7812417578
2722059185,429342.49384529266
3644100101,352965.85208547435
1321700030,736371.1459420152
5608000630,1344017.222775967
825059349,1401914.5525374236
6083000071,224293.95636616254
9164100105,525901.7142926382
1425059145,454915.85654764774
5210200184,548882.5417013224
9477201370,442397.956837858
2927600630,775817.9834460117
2619920170,790639.5562848139
1560930450,551812.3703501741
2896000510,566101.8060804106
3034200067,641956.6881938078
4025300360,370608.3640755391
3362401295,515589.5055929166
2391600555,407870.99077329476
7550801170,535925.1494346053
5347200175,284464.932373041
8910500471,413938.88320865354
7199340560,471701.55661680584
9266700175,360259.42737570213
808300270,477570.7452099499
2487200875,472480.7673893733
8728100781,269796.3459414649
5379804888,261504.29773845876
6619510060,436162.5553317187
5416500680,409119.5607911461
1862400087,444179.72720041394
2126049277,424517.5488683373
4137000070,321345.2541285812
8081500060,2143852.0078987917
686800065,1076074.0266502139
5561100180,552454.4506718536
798000342,299810.9857145608
5603700095,564949.4083494147
7151700585,1145003.4677810029
8129700565,655367.4027221825
2782100260,650749.8310827742
7011201106,385880.9202911925
2423069084,514627.23669328383
8141300300,309785.4099211821
6601200040,256618.0936854779
290200230,659833.635605242
1423900220,243395.0797432785
7303200450,235444.28168019408
3755100220,389175.55473226256
796000235,224493.46458996975
7237501040,1115351.5310327187
7203220400,882385.4013090053
9285800275,735973.2451083385
2061100435,505578.6580326854
6414100025,518375.0096121487
5317100750,2333516.3743775235
6145601000,447618.59071365156
5634500775,508298.0511296332
7375300160,608485.0995515734
9558050360,511107.10008499975
4151800420,560437.3455900444
3751600146,194512.59897846056
5302400080,602935.8832368032
357000005,703652.8129804808
7283900306,457905.18695321225
3738900105,320225.33492383803
6822100305,592584.8570983519
7436000205,505849.196497003
3295730040,610304.1582803301
1526300015,423142.4619609087
3294700101,217620.18271146258
8864000970,216837.17382632726
5469502700,401314.2947933397
8078520310,263756.1383285448
6154900130,334473.7209140028
8945200830,203878.57134365954
1085623630,421567.15984492894
4013800131,230925.4330745864
2287000010,675945.6979849925
546000930,668746.6559728843
4051100390,229979.4450086057
7203100120,671000.3971729382
7523850150,306216.2521224386
3826000665,275555.40612224955
1311800560,215851.92077673573
2877102180,488270.649775526
3221059044,759376.6592155868
9169600110,507146.2522096042
9510920040,738694.0223487136
8813400155,779693.0340462407
3896100130,1082309.072613776
2568200740,746575.7569893782
1217000340,314114.31521317444
6430500086,459013.3878881599
5634500234,467800.4518570288
825049073,500090.4284896163
2391601445,1110219.8042729772
7881500330,465174.55316576303
1721801591,131347.58827984493
2473390710,299800.3489955679
5634500891,344716.0575733083
5515600163,471007.00126975984
2560805630,249721.6792830743
8078350280,618023.2668074394
9477201060,381193.00365940446
8827901350,726792.3035318401
3560800040,413049.88080597296
3034200370,519973.40170550614
1328300040,361045.72525531345
2483200010,551951.4764443663
6071800480,447100.4214821291
6200017,241393.70078917246
8149600065,769550.623842252
3362400615,511749.88125540136
7518502945,574279.4391128103
8001210120,283089.4412157709
8682280340,446188.79594769486
3623500408,1527756.9693072883
3764650070,493689.0028949449
7937600380,391955.9314247611
923000580,618229.5020221919
217500005,414184.34320859966
5419800510,248905.52292386795
8562901250,526131.9802373828
2212200100,268883.2889819237
2310100240,359153.5882271331
8582010240,618088.5956076239
8651410670,170868.42343904934
3330501645,320204.1176518074
8113101232,367495.67051839235
7849202190,329826.60041059717
1864700300,314598.4206644431
5231000060,281127.70344416925
1565900070,235835.89198212154
7555220140,698254.4631395661
7518505160,544720.2558041991
3322049005,663584.4026102294
808300550,414153.21716280316
66000265,366756.840127221
2880100675,419857.07524900086
1524079156,397671.7259288047
3625700010,1711384.8994940089
3259400024,349949.477030934
3205000310,386744.59014118585
807800190,274822.15185143775
2783600210,441993.99983974145
9290870040,825125.7403109402
2561360120,420598.4348701119
8857100180,440044.23830744816
4388000070,227755.81348379032
3860900003,1031698.9369093224
1176001119,576931.1558355691
6084600330,244769.4607445384
7985000100,223012.32289522028
8026200080,337963.75940348906
3210600010,684255.1884519893
7558300170,478735.60822581506
7852180340,464607.8834470151
524069011,593304.9276866867
3361401011,136280.94653966287
6117502455,223454.5373348054
5602000025,210197.8007831901
4142450490,298924.53500926454
5306100255,396305.9443071298
1795900120,598308.38540317
1193000280,818450.4661444271
9238480120,546790.8710844746
3630200780,948153.3058938392
1250201130,466095.1631149089
7796000095,1442361.347037303
8635760040,471579.0111168124
9476700135,261130.3905935359
5249804510,455461.8098630476
40000553,224628.02860660892
3204300625,769846.6877762089
2596400050,389180.6155418642
2724069103,401294.24485823384
3744000040,423345.90671977546
7525100590,415094.92249314475
3705900292,419968.1537265385
6169900790,1858106.0004630187
8127700735,979121.3555054942
3761700067,824012.9932490858
6065300570,927560.5042526615
4022902050,473876.2248496223
3886902590,595909.7687055097
4107100190,1799839.5632084392
2909300150,659958.0466879776
384000135,459684.34130619594
1005000036,399563.39052626456
8856970530,322336.9117533866
3448900320,579170.4241480364
6713700100,391184.8786912588
2260300060,2167729.437304357
7273100026,678527.8717841387
1277000020,861990.4394344268
2620069113,304027.91718247527
4166800080,326209.8657018835
8731902680,244953.6344248034
2599200830,221857.11574207683
7569500010,724098.0777577409
1825069031,642905.8603987021
4443801495,630696.0350787013
7805450110,725608.1175846762
3345700207,540390.1261988007
1560920450,899218.4214844289
3629950010,448369.34337329026
3782100035,274390.41124918143
5561400340,722307.3472012425
1898310110,248351.2939766968
2122039094,540918.8604664176
631000040,549725.1184045608
293000145,430716.71152655565
8121100015,386074.1449835846
3205200430,400929.9162342994
2475900565,345343.60439933196
1651500040,1917887.3416583405
3955900500,419565.1981521907
7907600100,245130.89401720586
3123039136,329072.31052280497
3972900735,305676.0271121736
1424059130,449508.9038038543
6792200282,253720.4825181171
910000104,277218.49789509433
3751600784,300533.351879318
946000295,448127.71781173826
7749500070,346906.4075607254
255550070,360033.8192560864
5151600340,280598.3288178682
5415300060,510255.70053989906
287000110,536477.0332772547
7585000110,206938.08207243006
8121200460,528515.4718604444
6891100090,897367.3693832275
7575600100,271655.9451701856
4240400140,591498.8371338503
4046500510,349535.751402199
2944010240,1036587.842185938
3449820380,540630.142007778
7203102140,310357.2366272792
8665900291,525805.607131122
1775930010,433017.34975207166
1118001631,1326929.2748479256
8911000445,350310.39201634814
117000100,628029.5691452081
9284800085,429168.48521464376
2795000080,480385.77435056
123039207,391447.86050047394
1312200080,222666.70455333637
1236300290,1336535.1506245125
7549800168,430859.2359482073
6891100260,859927.6950066279
6072000910,560986.7153753084
3226049184,383068.85918716056
1442880320,517265.8783342422
23500190,575115.7587087135
6021502070,545497.3554648886
4168000110,195743.87118884793
792000006,179188.8410348406
9558200210,238324.19211434058
3840700757,643586.8551829046
3876311650,536550.7828647711
1328320800,330426.35867992643
5006000170,243182.7609350919
7575600430,256058.10983916002
7686202580,182217.77185312068
2524069097,2035620.3777740411
4292300024,346208.57986345905
2726049071,426362.7711734454
3526039019,727529.1012124886
3300701365,464630.428586267
1274500170,200048.1783325066
7282300095,260947.66626174314
8562740440,762312.1404109707
3761100045,1746691.3586879114
2877104265,817213.2243294627
7940710100,490316.1993816775
6071000030,894695.9602340823
6448000100,1503457.3021674857
2923500230,2633673.8367799805
6751300375,478642.4344936783
7214810350,480531.21865140717
1088800470,571603.237035018
7129300420,258902.1155677022
6149700405,294876.07890306093
9521100855,488453.33117691893
1861400116,718943.1785284973
2787460720,210585.29293144558
6073240060,710139.4188976091
291310100,409677.6962422494
1247100035,930420.9305995965
2626069030,1882781.8292475608
1326059085,499887.8510095035
6447300265,3233506.4367373176
8651401270,180296.3175606088
3524039209,878604.842334421
3226069049,1141054.862642521
7548300425,407215.70222819655
1438000360,502117.9327536064
1777600900,673058.8289627705
5244800695,549157.1871969426
3387900390,239322.56508694123
1954700615,1030957.9876620444
1026049036,306583.0271468201
1683500180,228676.12911925057
1939130420,647576.2082577824
2021200530,1059823.1213305693
993002325,427225.2521630169
2780900220,276814.87351343164
2540800390,459400.6352975742
2919700540,660877.1807868531
2787250090,521367.89458109107
8651442520,268794.0548585845
100600860,195531.45434186075
1437580480,992892.925882759
3886902505,624230.7111483912
173000140,415770.62375049596
5151800045,564803.3445206109
3010300240,536432.5824338573
2085200261,299438.9393080786
1839500065,277775.48116637475
1049010300,398698.9813119661
1328340540,309448.1142131073
8887001625,454748.3816382264
5332200320,701523.1011737187
7137960030,268207.74849560665
5468780250,337327.3766594743
2436200715,619558.3451449922
5137800030,310184.8024870493
1068000520,1244073.496011899
5379805121,412240.22614066454
7445000105,439759.1993619435
7942601895,758226.6690427496
1727850350,1009025.6955562321
9407150310,303253.29905459314
5569620550,731880.5239168354
3179100480,504271.98813662294
3624039111,222900.61163367968
7844200050,303970.3850629134
3304040020,387021.6759175536
7739100155,955108.5925344132
6099400053,212626.52418878736
7468900270,199603.85731381475
396100025,357945.4883151732
1160000255,397534.3834474185
6300000320,373743.1162230239
6392000570,398185.9373436527
7387500235,358450.19492390956
1121000058,475590.84679602383
9828702120,533546.9755894999
7715800310,453631.4807173969
8562740370,716757.4893276494
5637500070,422896.6188072474
5561400470,652823.0330523398
1189000205,452174.2869420188
2412100025,385014.44093218085
1073100065,341543.6601383355
5160300020,528956.1428594874
2770601677,501585.4238153436
5104450070,407866.65415389976
820079043,358731.86719918717
751000190,391785.812963261
1823049179,361914.0421134068
7430200060,1282708.8013967504
3331000035,610970.5918600633
1775910370,582772.319764474
3626039299,515363.3481879008
1546600125,673756.1588387239
3260810150,332261.95041313954
6817800330,323529.15947652265
414100045,391535.594689782
1326039061,379524.0502840915
4055700030,1144745.637621161
1225069038,2113905.67997968
2296700260,455051.40008521825
2822049160,214780.6000329556
3395300260,508602.60104584345
5144000036,349905.670133835
809002290,757993.9773671617
7334501410,320611.1729795343
421049114,187055.20861121206
2623069010,894324.3977978857
1133000144,581776.7800142067
705710290,324630.6245606129
7313200120,557232.5355712768
1269200150,280421.03456042625
9264930970,324701.1803827891
6819100020,1903724.7308902876
5112800421,278871.16432522034
7846700850,245121.46652972704
7227501450,243467.95064599506
5451210150,742360.4650893125
4140900140,430991.9477427763
3537900180,769861.9817924936
7738500475,439414.65267653554
3541600450,384980.81801776413
5379800040,294463.77224924025
6664900330,273436.9763798469
6056100312,402808.3006580982
7766200013,494988.603648312
8651720470,454588.34676950495
5690500095,772871.6070907984
5423010180,803500.5836956726
3204300610,525134.3935499379
3425059066,538700.3160704825
7856660130,1124961.3258534765
2954400520,1247928.490398865
2327000110,876411.7630394791
9526600340,723303.8409619849
7695500200,401633.23749429005
7237501180,1184431.9062998549
2008000550,271203.4801773358
1123059126,475786.7459010967
1775500371,768454.34973358
3459900230,1544863.2528624819
2619950310,471579.50980237394
1771100330,368265.7563214244
1321059097,410671.25856823125
2420069278,259640.75524649964
3832050570,301432.45673232945
7132300525,488566.52695467276
8691410700,730412.5890822202
7967000150,351941.5890260379
1328300810,354794.830402864
711000110,1362409.300613206
9485951460,412314.649079392
1771000970,340536.07209772855
2817100900,245266.02666645727
6817800630,347236.2914555243
3558900450,515709.81592562725
7215400770,371583.42797176546
4222000320,202187.2867726258
2791500270,271842.92726363905
424069018,804866.272467096
9547205180,671879.3650747108
5631500947,529779.5819197528
1425059193,1126307.0126675533
567000775,451199.46798746905
3904900610,514007.76596706716
3649100346,416544.8329431482
1624049228,587655.6002633991
1559900080,370883.9988740916
2919702040,624902.3577072157
4013800206,203790.89451657442
1025039292,1144102.5182765843
2771604640,722499.5532470604
7203600550,197601.30516489453
1545802830,261537.7526711959
3303910010,664513.2925604321
8617000060,908977.0411638847
7889600190,254359.53326768856
3325069064,477517.53231738484
6300000337,575278.3755428309
1172000150,312930.84989503864
3348401319,377205.55768784694
4188000490,907705.9461945659
7779200355,573669.9821676193
8029900110,439583.8281293931
4060000290,199798.3955703872
9475710040,386532.6278439213
798000535,247608.47535866586
6415100410,405219.6428751955
4299700095,328736.0717742087
6117500955,379979.10212545557
2421039075,200777.19045176683
3362401935,548372.5461234729
1545800205,279349.5130482197
7645900235,695592.6198146152
4141000060,1161365.4646518193
9485800050,600705.0223104651
2436700280,740049.7553550679
7335400400,218025.7985509274
9294300495,707165.3177835724
6649300190,466942.7746683309
7950303270,318705.89486942795
2391601010,434725.4625021127
8129700728,599756.1476255362
7871500685,584643.6600924493
1498304065,547498.038628274
3862710010,429638.7590164735
9209900335,560299.9024727701
952006857,349077.6154649356
2322069168,499849.494711475
1775801090,439913.1206700087
5700002165,556599.6780753303
4029400080,404317.35701414116
7796100080,916273.1457509609
9279700150,1779401.9623969425
3876200060,440947.90920110117
2934800025,312437.6509060486
9359100101,999622.5893731972
3330500335,283143.7219028862
4027700466,394596.3851624508
3204800430,467512.1016024714
5415350770,695841.3609992331
1443550020,517302.9928113221
2810600022,343910.5110669294
1238500281,518462.8439338835
2591020140,456785.5508065292
7137900960,227011.3127467386
1328340630,288558.1966546897
3529200190,330286.80768897576
1624049291,846323.7308819379
4083301120,615050.6514734611
1873100060,719072.2442180105
1773101159,285113.69738622796
7214700350,485810.399559606
3856902250,579381.6162379275
7169500130,519683.83323038975
4038300010,408522.8995400304
9578500810,416466.3834651791
3345100184,328075.8460194992
452001860,456748.928808683
7905200037,523889.24087549286
9376301110,515394.960968297
873900240,306939.1165563796
8682262400,408899.7582539387
7227500910,194730.2599210302
2392100090,481808.57828690024
3221079050,395083.52683528885
4307320280,358009.4833106576
3211270170,519236.45263392944
726059483,697892.6148458428
424049043,688986.3446667644
6865200140,642950.760726696
1155640050,445988.02256416663
4139430250,1288217.4860857285
818500100,183923.51679634824
7999600180,192284.69897304953
4099501215,852363.5721451382
4046700140,355273.0840371051
8857600490,197235.40376902156
8677900120,461350.1851009146
5379805253,186110.59593099207
9211510410,220985.2136536495
2337000150,275609.85629821505
1423049029,272522.0711683528
4036800580,476611.86242299125
3942900010,362173.8982451347
3438502715,364567.303796443
7625702441,392025.4975539287
3905100610,475447.60036774166
2218000335,489735.9877386488
3034200516,358414.1664040514
8024200625,398224.67840153555
8564500020,323526.26414777106
9550202700,485434.9749240176
7518508625,588754.3273359447
1822350070,380960.15705388976
8921000040,780431.8395956327
6648150090,1639707.0835929278
2402100675,638092.0404374226
42000127,297280.28374933853
5100401160,477892.4833567159
7347600507,247670.47868418758
1839910300,339375.05594708805
1250201550,765519.1664141457
9460000010,299551.0524489706
3356402232,210457.20850157188
6819100150,600028.093837858
8645501330,263965.9524034963
1556200005,872031.5250423156
40000228,189128.76981164108
7300410010,359468.72136133834
4299000030,366883.96338388324
2629600016,471091.26415442576
662310900,371348.69942627946
1909600046,508731.8130930062
7893207490,217805.47623719068
2524049318,1838179.4059432638
924069210,740986.0803226397
1591600527,356424.7573337405
98000060,1235387.8795450188
6392002020,649352.6963195767
2719100400,453710.4733564419
8018600655,417335.45870088256
2141500020,412056.44453527086
3277801580,530651.7866014716
7237500110,1047028.1520632908
626100023,562319.5869110462
4319200820,340531.02450105967
1422029138,549620.1726228443
9517200610,354647.7644160932
7334600280,292872.8391042365
8820902400,527962.6583725655
8944600060,508452.4403842614
100100050,325676.6724353127
8074200100,247813.03699643028
1836980240,812059.7596548644
6648500440,324224.1212623882
9530100225,615727.6203367882
2883200875,626760.5332676565
4218400175,897231.3072748409
1022069183,627565.5725461957
6398000171,482486.2253873273
5021900160,631267.6619563743
8078410250,539536.3305647104
7972602490,353128.5091307797
1962200435,781596.2013481298
7221400285,223539.50519133196
273900030,244407.8807259497
2708450020,494545.5617733567
4083306616,426238.1179554181
3034200435,498128.448003517
7855000550,1324569.5556208084
871000155,589612.3491382361
8024201714,519975.58279631904
2625069038,1248008.684249476
2324800350,857436.7424643547
5450900010,1528213.0174543085
1822039225,514971.96551654773
2460700700,297296.46546402684
6679001060,311779.3888914938
2422059111,359296.74558886245
1250200345,350734.80973914533
5589300370,325321.338442572
2021201000,1416775.38286374
4302200336,253531.57337643675
1328330290,328095.1377205118
3438500781,377861.2412385092
5453700020,737698.225888632
123039147,430259.12588348304
8691310070,895534.548781518
6450303785,330817.8247039881
114100234,440749.713593681
9212900820,529158.6520878073
4270600025,342669.64634170034
7201600190,496938.73204226664
521049227,689924.2322743617
6300500479,411388.58299662493
1432600100,227650.13866745145
1024000109,337095.2007904634
1430800100,301443.0553748532
9164100125,616169.6193660357
1925069183,436499.19210330123
7852160080,911644.8258748086
5317100780,1358519.279069378
4083304835,590329.3496035283
9478400080,801977.3436843307
4463400195,234834.26347196396
4232901525,534566.135010763
3845101070,398833.785900392
1843130980,302644.28621986334
3810000480,271469.84101468296
7137960440,291542.88983879576
1231001115,380135.7697602976
5101405340,471277.4425624726
3723800409,626060.9336073877
8651430370,192638.93720566205
6135300010,242077.1705283968
23520380,511388.1648336655
2935400100,522813.90883038857
6137500320,958950.903329581
7841300230,311251.40950056195
3521069051,420993.1197696998
2621400080,305560.68301957624
5104530240,261587.995667504
2022069200,422908.7238700639
5469501850,407423.9039764027
9206950110,292490.0146092334
3298300210,349621.7289589624
2810600015,389968.5979030399
7298050090,498283.48897762876
7202290620,448937.7753021364
3211290370,451502.65007360064
1591600506,383796.2653557135
2827100070,332189.43340290006
2482410130,379894.3907137766
4364200125,449944.3852165085
6388910730,524767.5618391853
7436500120,538327.7684918011
1822059156,670843.0539001087
9432750190,484423.09042544954
2205700405,441064.22636929434
6056111370,319312.12969526264
3205500160,411625.85979934473
6139100076,370734.25680656347
723069135,407621.24361164036
4123830070,321921.85181644786
2472920740,437408.0178793918
6134500220,618322.8132941778
2734100395,279793.84508512967
3574800090,432933.7950728796
3126049107,542832.0326742207
669000210,1061332.6241109304
1139000620,309851.7153864971
3825311190,717144.8869266789
7300400320,370300.924360747
9407150250,302705.8416557841
3679400503,327420.87162437174
641900050,434158.9596011509
9169100130,517046.0099596322
8091800140,323147.2347487151
9547201155,532865.2561652616
4154302045,312953.7929651724
6638900265,692468.5959480476
1423069063,431500.1308081474
3335000025,436122.37249459414
9269200650,265910.46201201837
1781500180,347363.7163712447
9211500520,207656.65688220767
1853080150,878697.4904483128
2767704756,460827.7865974244
2206700295,426421.29391694744
2557000380,289487.02043382
11520200,783613.3237966251
3832710680,255745.28959766764
2569500210,342376.9345627149
5230300210,259280.9723951029
6447300225,1344182.7612606029
5035300325,1057415.5640133126
7853301660,753963.0525551504
5411800250,350951.600314376
7203210170,708135.0008842833
4302200415,287084.8710112499
7942100290,216608.92164606135
3629860160,818036.5949776099
1423069076,571003.5410566764
525049085,593631.3701054319
3306200230,234385.04883535788
2193310300,449372.68142169697
7978800621,269820.95356734144
4027700632,448806.3989458167
1761100190,229828.15309749238
2749600245,575949.5831690789
322069141,471413.2217625608
1900000035,159990.0481476023
3361400190,205900.67545054236
1604602050,616595.5081878849
9421500160,449488.6821843897
7788400180,306412.57729402423
1566100625,499519.49135300476
3861500340,246539.86775594924
2524069072,368366.1408304362
3013300980,375479.69946206675
4191500130,654062.0994862774
9407150130,306162.8908607043
3904902500,714974.8278741981
9510900140,235920.67031840116
3368900084,306851.0972915539
3432501415,282034.25363081496
4254000540,513611.69496237603
2767603250,524770.6697134075
2923501130,630824.2936289097
9183703045,275587.81744533184
5279100675,283843.7379444884
3905080310,524371.7779656876
2461900375,637090.8992643844
3346300356,482721.38879806735
1865000110,392195.4270860521
9264930400,307265.87120877794
3447000100,618650.0210775563
2313900510,484083.1590776022
7518507330,579433.1821941338
9368700270,237422.69958208248
1137400420,423245.2280595972
2023069054,299927.02434565406
2141320230,603526.5539907032
9536601295,315157.7593647663
2424400130,365376.46413972764
5210200081,455080.8684182907
4443800785,546078.552489553
7292700005,508359.5315895539
9834201205,308391.42806991434
3275800050,258184.52875311143
6926700654,671206.3110283943
7511000140,1471069.5457445323
6821101895,598478.3875872097
8964800695,1101541.7499938034
6821100195,598617.0574928089
1226059105,628214.8200315158
2806300070,1302355.4185338523
1720069029,324487.6802194978
6384300020,462841.82927621715
8928100125,599226.8058203355
8562770720,557758.4303008307
8650300130,714839.1795631943
2126059172,430388.6938331679
8812401450,763431.737005009
6646200280,661107.5790767221
4021100045,494625.6659131665
1155620190,420002.2866779828
6061000010,373739.6298185705
3362400472,370528.23562201543
9558020240,460416.529971959
7309100270,546696.0078470737
7137950210,330320.46270940226
7849200635,218775.7819126555
1311200460,266250.52256628673
284000095,985143.8640182354
1509700050,316037.4326369852
3438503014,303013.65741949645
9406450090,366366.31883402815
5096300140,411952.0649662894
8923600020,1434064.1728636092
809001070,696881.3846695573
2291400342,322611.64036985417
644210020,860100.0653175199
6700390090,258145.64029981362
5631500285,678635.7204661763
104560120,284792.54973470274
6413100311,369536.0900110994
2558700090,455743.8971591144
1471590060,724277.5840779784
8914100170,543298.8202193689
5652601035,410472.2736714073
7852120140,719561.2886107618
6163900952,372453.99229600397
5215200050,636508.4879516368
6352600490,776509.9804789511
3912000020,558911.2364337393
8830400135,240392.39685561636
5467500040,396131.1347301811
9406570300,415764.85255305434
109200390,224860.07585012433
2025770310,665540.2487737206
1939120450,666754.833948674
7524900003,2774509.8795182407
3755000120,333656.60370317515
2473002850,494261.0243942612
7625703945,401630.35825315537
9477000190,422016.52029493067
1727500230,421286.1781610306
7011201087,471310.2478490601
5561300750,494728.3288840005
3969300030,202140.12853260097
8097000330,333528.45048748655
2025049064,705129.7634578992
985001321,229933.33218983572
1775500050,406318.7906665039
8849300160,390837.8400999499
2316400285,465814.3860814834
2423020180,534849.3433557254
7128300500,508615.20733581705
9512501400,423483.75932093203
7200179,167769.58091288872
5490210670,524236.3261517095
9527000330,618140.2728727412
1972200326,519823.2810256124
4151800195,575228.9230110007
4046500320,363015.54728897155
9834200885,387990.8591211919
8161020050,573580.2136978323
2891000750,210599.8889180291
3426049031,1218375.024093495
7387500195,305140.10929865413
6303400395,150319.89376277153
638100015,315487.04260361503
4107100204,1885158.7939733905
537000255,203458.79456007958
985001266,280246.99425545183
1137410040,480697.2983383355
7229900250,269306.1092748397
3905100840,477345.9626286015
8100400160,600686.3212147062
1346300150,2817482.088222231
1443501020,196870.95004244221
5490700035,388966.2425157482
1954600050,395474.0784150504
8122100690,412235.2715335069
3663000070,476989.1196808938
5101406375,499387.7763989277
426059055,580145.1447053811
9268850160,418948.29527485906
8731800840,246697.3346262652
3331001910,325856.474594803
7603100020,800793.7214633692
809002705,793548.3551159087
4364200075,275955.19931556005
1113000430,176794.31965134921
1176001117,555034.9205483455
3320000212,386255.65000008605
9286000150,1341752.8011149794
301400830,261319.7307674097
425059024,659735.1428926294
8835350300,552405.0979515727
7100000135,269787.1085331299
7696600240,222496.43791608297
9808640320,1236515.5219591968
3764500180,594481.5582500228
326049060,579160.9277628877
4017110200,438510.0724771053
7224500300,229619.87671908553
1560930050,465361.90529561404
726059395,471673.3334476514
8964800890,1852638.628690707
4045500620,626980.7561561941
8562710250,994833.5293731235
1775800710,352857.31885042315
9528102865,739140.4750257833
8096000060,496858.92944733636
1591000015,263890.8500668674
2310000430,270369.49083042186
3902300350,663723.7081587403
4068300280,248760.65982520833
8732130730,252303.26476478582
6791100410,500829.58482728596
7660100236,364607.67990235804
2568200070,874575.2782266567
7697870310,256934.81470618266
8562901100,662658.6029890975
4016800120,292939.104843228
7338200180,572483.5932097977
6791400320,265886.56303137104
616000200,392229.36225911044
2917200675,422182.3840226379
2926049086,590062.7309235572
3621059048,396176.6021610829
7987401095,706876.0055940128
5589900590,359197.00687631743
855700170,536616.2554993016
4030500130,323612.63365882135
1755700060,372935.7960705429
2413900050,609155.921468886
2489200250,505362.3526199136
420000085,237295.32237300175
8106300820,472400.1334979991
8651730580,444986.9080928376
8106300090,450476.13281747216
9842300095,417357.9747820481
9477000280,421494.30183584214
2877102495,438722.8013977338
868001030,1012393.6222318873
8564860110,538288.9732336117
6762700452,537456.1132459912
3294700310,189068.1038843162
7231501665,236415.6081512929
7525900050,566121.4551705023
7882600326,1510292.3703477012
104550690,307162.4728074868
3425059076,1371059.2050062355
8835770170,1632741.5110900912
2581300010,1243726.0344730124
844000180,253448.1613575604
7888100240,231090.14839226205
3845100670,448685.82665529015
4027700812,491445.016762742
291310390,363259.13623972144
9550200370,618309.3041607256
2328800130,279362.70052004926
2372800100,236539.28155208853
2923039264,493491.19930475164
9282801720,281125.2503083449
9520900230,610583.5178696234
985000955,244556.10723439342
1099600090,215299.61972529505
9211010320,542380.9815296958
3825310820,800710.2759740681
9545240180,616864.6034692078
87000245,159229.99580814783
5041300100,604753.9852269384
3624039150,255922.35527354394
1370804430,566077.9285275167
722079056,437672.3358167491
9126100815,505160.7469384394
1770000490,353438.69222060975
3995700250,369663.30384875333
7214820400,432458.46617750416
2473411130,327343.29176808224
1824059079,952307.0037051836
3080000030,482068.39241626766
984200540,305126.6521685439
524059063,1794403.579649733
9482700475,746837.9516710509
8024200820,508536.93718849757
8568700015,355576.7213402541
1223089050,363855.487680202
2205500400,466280.5221932555
1279300085,737656.5896097067
7376300085,480589.08067746897
322069020,416777.5350221921
291310150,366187.0368300876
724069059,1059970.5958162195
5255200220,453164.670381018
1931300850,529716.2570777035
4427100105,380790.4782696512
2881700231,349288.5585935533
8641500280,307549.84655999445
5406500440,666053.8519063356
8078390150,707442.5250098157
8945300090,210656.28143900205
8819901030,766184.7302040074
3179100220,726340.9670123004
2126079046,388294.6930479068
2621750350,313894.5565543934
4014400190,460928.900803227
7853420110,592034.7052660976
2114700368,310097.28100114426
3438501081,273451.7718830321
6850700670,953978.4667742723
3352402272,249000.27451305665
4157600150,655656.9968628773
8151600941,325291.28043542505
5160300030,543957.3343056245
3820350120,319786.1132959866
7338000800,183910.85742319224
3359500110,805137.2964409484
8016300240,606381.9944106889
7203120050,796681.3441487111
3322049201,255096.29652759593
7231502505,197486.61064183072
8106100105,2705748.4428947945
3895100039,824768.8062567072
1001200035,234384.5623877716
2724201202,216838.96348960753
4038100110,509327.23161138024
8827900015,571513.6915210355
2644900109,374463.06579511886
302000375,235355.69041498104
1604600095,410251.77237527614
2600040160,672448.1330063145
2129700525,348790.57996051933
603000555,375701.5296135078
4083302225,968492.1769263586
7298000090,446609.3075271816
2484700015,557340.7223274892
8945100320,219391.29488733446
5112800042,458781.2376944459
8091411100,295258.4106474697
7375100070,484921.3444218609
7577700061,565096.3427589323
7923700030,458725.7655383599
4235400186,410368.78472780704
1498303700,775114.4839681908
3876312350,427119.7398475985
3797001815,470138.75466843863
868002015,1291028.2541644638
597000550,460133.06487110886
8956200530,435280.91300742445
2207100165,466523.02909659635
7942100180,217658.31982926096
2468800040,329208.26786648406
9842300036,363456.54481801315
5700003985,1906347.9737951437
2988000070,363333.0973224301
8857320260,570334.23506029
2600040130,544491.2489485416
6632900452,590853.6979467298
7518505910,535323.8779837604
1672000170,590829.6807746689
2597800010,546472.6845860279
8562790720,740680.2684346691
4219401080,1580226.7711246563
7000100711,775959.4883695494
7954000125,570496.0632807086
5700003640,2071763.9319772583
5700000275,745700.1871145524
4019301205,464209.10271842
8943600360,260508.82784574508
2954400400,1241815.063101419
1321400060,276881.6299939731
2255500123,629038.7803675833
2781260070,414652.67194591725
1313000220,676029.4827102054
1125069153,1353025.647528222
8899000310,251376.23826373424
4139450360,900870.987844548
5511600315,577696.9302431721
3575302575,542637.5503892275
3226049054,477672.3519741107
274100090,335687.3874629391
1545802080,239759.92919626224
6669020500,321067.3819952908
3307700405,507607.4522094036
3760500407,1544845.8407687207
7853270100,705862.1365871833
9320350020,544708.8807973734
7715800430,495035.64304526127
6791400100,327734.95483009727
7708000010,387107.4719337371
1448800010,276950.86449214234
1782500035,327943.61007179634
3449500050,528543.0511306542
2856100515,810569.3513813058
1245000461,1127087.4451528469
1219000043,326055.24641461624
5409800110,380243.49719200796
2680700010,673402.395397917
8143100350,370612.97269509477
2597150270,265040.8904689902
2966800010,348790.65498377406
8854000010,717164.0772539015
2207200635,399761.27552488487
1722059222,276116.61595011735
9358002305,293094.17484609655
6392001950,479459.6747885349
3630080070,409120.9488958392
3797001702,1145573.991691482
8127700440,625328.5874576264
1446400785,227485.92317239835
5016002275,949240.5402478925
2818100060,1044997.10876329
6431000748,377464.08157384093
7972600450,316137.43553884054
8078570380,317512.24248254194
7889601320,199448.46300695252
1762600280,844334.5886653304
3026059085,1294067.528946101
3475000080,713903.4422368447
1370802620,614115.188247794
5151600285,267740.1092586525
2722049218,342948.42701056664
7696300080,410829.38435574935
4168100020,222926.78266587568
1474000050,406830.9768069923
2473480350,332515.8547867315
1139600270,295662.37744006014
6699940120,354530.5690363277
7016100120,405561.6723120701
6752510010,807143.8399710828
7915100490,610150.3205346946
984210170,310146.76068409387
6159400030,408635.75882412127
3013300968,359657.67632545903
6404600006,238294.54292558425
2770602170,431974.9851026623
1922059401,219933.1592318026
291300010,371890.11288465327
3856905185,545810.0401699761
7304300905,315438.2424398545
3416600185,515867.61057168
1786810040,741828.2254259726
4354700010,407486.8904494363
3902100175,703513.0408292369
4305600360,446956.4261939201
3622069114,641529.3847101514
4376700570,597601.683253325
6795100589,603623.46647533
3344500085,417236.03103062225
2206500105,399383.0500235678
8731900880,378546.1211696893
1682000160,211073.79030588927
5104200380,269311.97806824883
1982201595,564264.0679174042
795002190,222398.17382319114
7228500375,583423.7768973762
9412200280,437183.398906881
5071401000,952184.5499271615
597000566,331964.19597267447
8151600101,163018.30689087047
2028700265,519479.692273737
1670400090,200888.18217383354
7851980100,1103756.523115676
5595900345,365921.5547765882
4046700300,360091.6857480672
4324210120,264113.0711617475
2616800050,543968.9719720543
1525079069,727375.8712120331
9828201020,507725.78459316876
2723069146,649175.9124022943
9468200100,593112.8435515235
2883200961,629650.0777514763
1137300690,634840.0729463324
2473100280,344357.00083317707
723049448,221880.48812260636
3066410810,675802.396617
5700003280,968327.1818379293
9268200440,423712.79064108944
4053200410,325072.66788004787
1234000704,1381800.8724910668
2473372170,421061.96428373555
2523039239,224905.8708037346
4324500490,219964.9059349799
238000244,448855.6316458939
1105000571,400388.1537469044
1771000430,331659.70221530215
666000142,844736.9691327058
3389900800,417819.0187002902
3578700017,577735.3172904602
3629970190,754116.7894142811
255450250,310950.1911382423
1154100205,281596.0878040592
3629890190,1042953.2934221204
3905080870,521224.64412702364
8155820110,297535.44689446175
5135000170,748313.015088191
2464400435,592587.0754476374
9482700080,565181.4359853532
318900080,414365.7213059859
9477001410,401573.6692366702
825079019,608874.2457729698
1471701200,423970.2654957974
5606000120,849557.5311373126
7853350220,584689.262396984
1776460110,459347.3129009947
3904920980,683028.2195906019
8087800430,558305.2979351515
3298200320,376572.4097913867
9122500080,287386.33179670916
7893804845,318501.8648529858
1370803730,632058.4212709538
8001450170,265909.4119777032
5561400260,650528.2825244933
7308600010,778072.4345233799
3524039060,387524.8665257123
7300400150,346125.66543116956
207700050,526969.066195239
5595900355,238433.78911354864
2652500285,762322.4951799924
6744701310,1332487.3873188205
525069127,1204805.6342787675
3334000050,375104.8523118739
8682220390,687757.6759500892
4038700380,591129.8848719043
8073000265,373990.17837161827
9521100960,785895.3094792067
5634500688,975019.6776189004
6813600440,457874.84568493784
1072010350,451593.6896628449
7853301700,656113.5661722699
5141000571,321979.70368122787
2013802060,393868.2812650477
7852070210,1269378.3273821566
1402970070,322793.3798081017
2310040020,359811.4185428472
646910560,239538.08864972595
6647400090,426727.2314554829
8682231110,553125.8994869138
4376700330,550332.3300964237
8069000075,651163.7637291943
7147600220,214724.68220948504
4142450330,275610.3841571352
5101404698,474505.75224633055
6154500070,921371.4197354218
1592000640,612948.6111317942
3756900027,603925.1150915675
7203220130,954172.8369988349
643300010,498932.75198587356
8651720150,485320.4571295558
4139400910,741125.5657918873
5054800110,328870.6875803104
8835200330,378468.86021019187
7682200340,266444.6561139032
7203600745,351631.1208187468
1895000260,226403.18785583432
7922750020,551581.7094778203
5437200050,433311.0721514516
8732160250,260493.11515844596
1442870440,497512.3147157476
1471700410,415039.6358323477
3204800330,392404.6582333204
1923000160,1097725.775096407
2719100013,409114.3047809476
3814900380,361727.6700172389
326049038,499229.0452719018
1068000110,1043981.8514574085
8835800010,963365.6629347821
1560920200,436092.650282504
1668500090,732777.4454906991
2597530070,856097.0836581456
1139000035,543096.4196954749
8032700072,515731.07318121934
7732300390,719549.4471319504
5130000080,497694.14205587097
9276200890,503108.3340308814
342000036,537015.2046731835
5126300060,496801.7621349686
2331300505,704575.8162633668
8651410090,181458.23426935525
200800330,406394.2866606864
7520000616,338022.6325048397
7170200110,462145.36451398773
3021059155,206113.78571083842
3582900280,979179.6154159865
7340600845,225951.93468104102
3905040060,520756.93008827267
3224800120,299247.1187718313
6021503740,488162.78615836723
2570300130,454879.3912652367
8121100395,562076.9476917611
3356404198,268594.0706785551
3630090050,760643.8832805745
923000413,422570.85804088885
9201300020,1245439.6101023206
1777600210,609394.783394958
7738500731,3574327.670540509
686900010,1038278.727677111
7967000160,345418.5226659782
3413700130,533000.4998468305
7852190290,574617.3393733599
1180007375,693779.3089129537
3353404510,294242.53901061
7802900380,342847.66585764504
8021700715,603831.6661423602
3205100080,474086.13566052413
4477000290,516144.33393182623
1118001645,1469457.7194800677
7979900806,324562.17951496213
7228500415,672246.7714490772
7212660640,314010.4413151444
3826000735,208258.6511600142
7714000250,430491.18104442925
4400200057,652865.536794427
2487200279,570481.043382412
7140700690,280715.15327219135
3304300080,550225.263023461
2887950110,258099.6734341139
3760500222,788919.0579264504
9269200786,396658.214782718
3734900110,203323.12057016246
5045700400,541299.7875611997
2140950130,471840.32577727793
2612000200,368263.4970829969
8563300085,393055.5468144005
2425059173,646283.9065122885
8091410930,275169.36591544596
9422400035,620556.179783467
1112000100,647349.1351726913
1323089056,365286.6030420211
5015000596,928825.4956850683
1535204165,443043.9334031569
1438000430,465852.34519153024
3222059130,502784.9660796757
1982200330,605806.4657956318
6624010010,225411.90291322672
2303900035,3889104.266351568
259600620,511617.0625260109
6072500490,547468.6999959984
123039633,366386.44385455677
8562780090,321201.4289902871
5249802240,585665.4242370083
6071200400,528423.9779348326
826069002,316261.73318773543
2625079030,773349.2324608016
6742700210,1323610.755117259
9253900408,1456558.0191622158
2560803085,211665.16071232606
1237500540,293641.00021578337
425069020,1094115.4227197666
9185700440,2218296.203295039
8656300345,367302.99048218556
4245400045,257503.412006973
9834201370,404539.5953240986
7853300770,422530.4975587461
9551201295,517198.875073517
898000220,222466.01843794837
3834000720,347884.21529473097
1245500690,691273.9766211541
4083304190,630487.3204545074
4178300080,779679.0394842888
2960900045,567691.0778476056
1446801030,248679.83149723226
7855800910,661646.5736055572
7853310150,645114.3346448154
8732131090,283405.23114755435
7967600285,441705.38952692936
8651520510,570602.6169875026
5379802650,232017.880550793
1425059174,470790.3457494771
627300105,868604.9992565181
3124089049,464244.44690010766
1778350270,733053.2097461252
8691500410,396663.2609064496
9169600043,554112.2627588976
100300500,324075.3482204596
3221069054,761050.0757014676
4443800385,680867.5008029793
7922710450,704878.397247944
7880020030,659885.70584195
3288020050,344308.0174231973
4136980090,619879.9860747745
1687000240,282686.5132374644
7812801785,219265.69307122924
1126059144,714967.9505763655
792500260,348933.82376627676
3222049055,594426.1755782221
8635750090,675777.428537742
2767601280,815155.9039436788
5347200162,272176.7479049074
7503800210,266121.13597530266
3394100020,955116.3159941508
7663700783,400160.0790023338
9454200030,370275.4559583835
3791500050,306020.435346654
582000185,584676.3014820617
3211230260,443465.6135179361
323059103,368323.8472898059
7297700055,342000.9799588594
1545805460,232644.45076162482
2341800195,315396.2330491902
6648700150,271868.83352408075
3860900035,1728102.212925268
1980200236,538457.3438236704
1180002745,331660.0585976897
3275890310,665337.5895103662
6840701100,568147.1864922172
8651402750,152843.24846837745
1588600045,443357.9648267509
2422029094,307253.47487607703
1702901500,343914.8809419337
3755100005,497266.87330097426
3624039074,309676.54878562054
7950302995,435032.7196345072
5273200060,598696.3878553024
8025700460,272314.3706917151
280610020,982003.3125933033
3333002450,372199.63867202174
7379600240,505817.65118806914
4058802300,342512.65641188464
302000065,198452.53880758048
9527000180,590447.7559460917
3626039403,374045.4018067417
9510900360,249085.0925376971
2310040230,357780.1204391188
7308900490,526015.9461780505
2206900065,465474.4021346595
324059161,974193.108704002
7345310100,234971.77447249938
2422049107,320801.9883004818
8146100095,716290.3250025648
87000283,366975.0525934324
7937600010,318199.13193321356
2618300350,238744.33379039608
224069102,463229.2525611689
7129302095,252193.48202613497
7352200025,690571.7865665567
6163900333,329742.09605379746
3528960020,697196.6421793351
1687000220,285174.05359833303
4141400030,577833.6334964404
1822500160,333586.6306167112
5467910190,392333.75750331074
9331800580,293658.37071569584
2407000405,182621.71032946487
5466700290,275580.8732600697
3026059361,518281.58539912297
1523069096,507242.9338460533
3876312010,448436.8048996465
8832900135,967177.9925759436
9238900616,572478.444284878
4142450040,290238.7909864976
9282800065,267650.48372916103
5379800862,334823.05528738984
2459950010,284586.84727439523
4435000520,210161.09750145013
1552800010,331416.8997965285
7549800543,334298.3175967775
9828200460,412578.6726847025
6345000160,1064377.912682989
7129304105,282868.4594211429
4302201005,321675.0722256969
2450500110,778811.1788394558
5166700050,502707.44585268525
1085623710,403610.39921329997
1123049129,254458.9220328917
8566100200,1011009.8398316129
1774000780,440782.4753540597
9492500170,860801.5137919073
686530530,651331.3111528844
4022907770,534671.0283000391
6052400975,251527.7311068364
3438502501,452400.2995335853
3758900023,1206739.1968771438
1645000580,252185.01180390685
8099200030,243873.8388337408
7635801371,482690.7104281996
3456000310,847344.4139007432
2025059150,776583.999233941
2624039114,480171.7484594597
3348401095,319229.36111217504
6633900170,543428.478898188
2600000510,712736.5815338047
9414700020,341489.25797200104
3204800520,399705.0053339498
1844500025,358371.221712158
4137010590,392764.35296750464
8564950280,532771.2962515228
1338800491,872153.8592818532
4058801702,902746.1700476925
461004720,563764.1527186703
3123059107,566197.7049434608
6819100380,545520.4259513511
1193000390,946424.9288219854
3450300270,309239.340486879
3110800040,267987.3213788608
1437910090,507069.1662416067
3645500050,435117.258006925
4338800600,258892.16870652142
2114700530,335150.735191947
6381500450,340804.0635973582
9206950200,291607.5205204778
4232900940,752019.229454886
1025049174,1154465.8847462388
7774200070,669229.6008757583
1231000310,394177.5730023892
8155870200,293058.9402468551
7935000625,1044960.3813783658
2426049079,320504.54313628096
4037500230,486890.2151575526
2331550120,314603.66709042597
7974200765,529010.8621813285
686200510,550401.2242880838
4024100670,463418.5446931065
3834500195,498898.8286230438
3526059115,596434.7369876631
7950304075,290639.8803563124
1386800054,354728.2739914987
9834200165,552829.5290601538
6147650300,332823.8233873235
6891800360,577783.4336282708
9170500060,578536.5789397977
65000260,702880.8603967392
7784400130,502505.0684973486
7941140070,362366.8318084591
2122049096,197881.6460821428
6003000851,353604.6082931516
7203220050,982815.8256627553
8898700960,303787.33679361426
5245600105,213608.25315409937
3530470190,173933.2783565218
7883603965,266237.5522656862
4022902505,536653.845656177
3211100240,312639.62940895435
5119010090,547062.3272511448
3821000100,254912.98113975793
7301300050,430905.0188938019
2171400197,400089.0756591745
9471201175,1697432.9702313582
2473450200,411156.47308585193
2258500045,451615.25705488387
1139000400,475910.9661040944
3298701025,255147.52046983867
1498302774,346729.0823386309
9276200190,569714.0781242459
2909300240,654242.7287137097
1250200693,596638.1992670719
3101500010,351867.35288869974
2557000630,266649.9256782065
1324300091,409384.59085853415
2826049260,430379.1732083672
3342100421,658899.8146305738
3524049083,342362.7029458432
9103000393,1387114.8159098357
3121059033,280194.7364753969
7853240200,591441.6898201329
7950700120,275263.8239061206
1822059057,155734.20279967278
1219000473,324787.6277107084
9272201385,754865.0716463637
1336800185,1231281.745607895
9268851630,419487.25027431024
2788400315,251578.6723947748
3529000930,591457.3237049045
5631500967,459919.434359126
2188201010,249399.29327973255
8562970040,787971.9834782815
4415600030,342537.475540672
2473251170,287547.07532860327
7511200020,560975.8814370886
1163400020,280172.475781172
5412400180,248024.80131639866
255450400,332345.54155532905
1687000210,283060.37788900867
6749700004,321109.354394796
2738650030,553234.7096427035
9136100420,752919.9636235095
1924069115,773096.300054
714000155,601549.0294268612
904000045,668109.2392678811
3395070640,302672.31731287437
6308000010,630276.8880134261
2695600130,358378.0541620528
3626039279,389836.6174909498
1623089039,234743.56521790108
3438501327,326917.37607698696
8118600025,358175.076832947
7625703435,755531.3643491922
1807900300,696874.2733915277
1862900360,302887.2543441928
2768100186,504407.5236813099
2524059269,928471.4463263185
1126059108,881919.3943897411
7856610130,869527.5001073859
7203000200,245613.10144307377
3630120700,768780.1903248662
1612500090,189550.5017850083
3586500620,1165683.0410212926
5207200360,395360.09473202797
6675500035,394079.63327242364
1781500385,359966.4535793524
1150900080,862272.7896163862
9541600355,954382.2620434944
7525530670,765340.2257389791
844000375,348769.6057829725
9578140180,326880.8642946983
9558041130,345783.27339223423
1788800910,193881.7714388516
9550200225,504504.4050858801
8643200055,263323.31764768355
6143000020,253597.26112098462
8941100095,1039306.4382983868
3630010020,427164.3977894722
2895800610,330710.9553401498
822039084,584244.9854648096
5423600080,536889.3171753978
3992700775,452290.9306355299
3816700150,473929.98953949695
4083302485,705732.4168047665
5127000810,349011.3001752286
1725059182,1252827.5143329713
9485930120,392786.94580265245
293850040,642473.3270768267
8731981940,304641.60841985134
3330501545,334199.7044806826
1026069061,835049.4900837765
8121200710,524435.1845009995
3764390100,459643.8470857484
9493200010,338998.2052813428
2902201301,605268.235656754
3444120130,437197.52540978737
5256500025,469882.6225358513
4022902715,546074.9525452649
871001500,648022.1780312744
2329700440,187193.7592756186
1773100275,262213.5066563077
7852160070,964166.9593975401
2141330560,650106.9120712964
2505500009,692673.9724902186
8647800150,337989.4029963244
4337000200,248513.19870308175
9264901680,245283.1284817982
1773101050,333094.9552573931
9320990120,316183.65329440776
8856960280,326804.6108986308
5589300585,308907.37421777914
7935000595,741906.0078942523
7203150080,672632.6990818481
5616000030,315874.32194376446
825059178,1936762.7311849846
6666830390,764074.1994516753
8732900840,674827.9624882037
2095800520,470534.6714661886
1771000760,349340.0860228365
1901600090,389548.6460444601
8857600680,220193.22333662258
4038700830,582189.1957673111
8956200070,423124.4100103101
8081500050,1860324.2480815165
567000755,469406.744986142
424069264,729999.4666318179
1564000410,818951.1743473855
2817100910,300718.79892605473
3303960080,920089.8560987987
3340401535,173258.6335777428
1622059095,281172.7129303959
3278601940,398857.30291895795
7202380120,463082.92385767243
745500010,794491.4820848681
6608500220,424495.07024978456
8024201055,366439.84938504646
8929000140,436751.7979992092
859000160,324380.69817746175
8673400061,406726.8148366375
1269200229,763341.1717870837
6705850300,749918.5232908431
3395040550,281992.6591436865
1697000370,194482.43392113614
5245600120,244146.2043953008
8892900180,214412.20569428283
1794500360,662662.3546466769
2025049192,541811.5486462985
1930301325,914106.5798343787
4217402162,1194042.9144401804
8126300410,577921.2327746209
3345700215,537751.2167729391
2887701420,450354.69129567663
2887701251,377460.86051812297
4036100175,628015.9228801732
6762700515,893260.8302058965
3192000085,210053.42106151802
226059096,1205124.9788350814
9238900855,433564.35268976603
6706200130,340511.51833144674
2744000010,277687.24149846047
7202271060,655031.3111506638
7923200150,570548.6604360238
162500030,332739.77801419306
2571910210,286163.86293312587
1523059105,336621.58028096874
6052401215,223994.86270965537
6626100260,756834.2255532867
8925100115,1108707.4761908285
5459500165,799112.4341007203
7686202635,185421.66763068843
1118001370,1217434.3852453495
122029066,427859.82019607426
8039900130,333686.79575354746
3262300235,1067130.293115918
8860500300,336487.2368131591
8956000250,563843.6911038536
1646501920,520179.03613963566
9284801500,426966.64656410436
1442880380,457801.45355711755
1311500020,256539.83494323312
254000695,346592.69613264146
9477101280,414099.2498869653
9510970530,642357.1087464194
6891800500,592061.0813839458
9407000230,289539.676500487
7202340590,670087.8778803239
8151600590,385273.75085275806
9407001600,297990.6842739092
1771000690,326967.10055794835
1525069134,974215.9464608699
8645540040,295497.57174077857
9414500200,426608.07258491236
7883607645,213801.76758457362
3845100140,334448.36560053856
2726049164,448935.2525135241
4340610040,330558.13380760764
1245003006,1190887.3124925408
1105000373,306330.8425177147
6083000123,209105.6676088766
1777600450,626130.1353790367
9558000100,399650.22304465104
2473002060,350368.64987034386
943100689,389346.0570348541
7544800395,447825.1096823773
1931300090,617485.4434331746
7936000252,502580.2390954865
7987400316,304780.85761233274
5152700060,622919.6655872922
1721801025,201045.74604111494
3438501450,278923.76958873327
9222400510,410521.41568868293
1796700160,274295.1695001584
323059208,356576.59281849157
3392100050,204493.9196967293
4038500210,618409.5342049254
6324000090,419396.85393683694
7549802535,394007.4839186483
3343900326,421301.2616206701
5701700640,805452.4924174671
5249803185,536960.7565063282
8838900032,852700.6494552447
1237500577,935554.0410056164
8642600090,299283.4527203547
3303100075,468209.0155829464
2133020020,411645.3594950994
7950302890,541050.6944925012
2770601734,557045.3078071261
2538410140,377442.1523533713
8159600360,606150.4626940521
917000300,460628.7928522464
2391600330,376092.44113500457
9285800585,516568.50925973424
2005950050,252625.1161859349
6450301835,338856.2942722817
2473480520,329838.38634680805
2818600010,1166258.6421882398
952006728,351657.15828685235
3422049088,292768.1936888022
3629870420,932653.4412581054
1079350090,308869.47460464295
1509500060,385071.45036857144
4039000050,463095.1404547741
5288200230,602471.909324508
626400020,794415.2311422956
5457300095,1622939.093591808
5000500055,223646.6545498302
324000530,463389.91210886085
6713100031,411179.5308989926
3316500200,516371.8277862623
3124059006,1443771.9954070572
1125079111,1487710.3701497572
7852020300,470793.35564409377
123039364,248713.16621571925
7883603190,263356.83036064106
9828700900,572590.3970207424
6821100015,604793.7943971495
9522100375,720779.675648862
2420069201,233356.54519483974
7504110330,733822.6278862071
475000510,543676.3284197764
2425059074,718276.5518223642
7518503685,389678.3966814326
5466400550,215212.42363768903
7852150720,438936.6065039088
3066400140,609000.6005260856
3298400470,505266.3113169108
2902200874,640528.4375498843
9500900110,220249.16107853156
8835200160,317461.21388370433
6056100295,303600.720640931
1858600042,327375.51719372266
7224500010,237187.85006444235
5457801925,760082.1759270671
7575620750,252023.08681971196
2391600735,486765.26181874645
6192400180,781961.6270914875
5249803870,511397.4551568707
3575302880,343323.4835414483
7225000045,200097.4456655856
5561720180,282277.31558783795
1972200428,510457.68017634295
892000025,160197.7298772068
2944510080,279267.9189350755
2428100100,772924.3809525874
6647400250,434344.10415711114
121059038,423744.5511895718
6398000191,435824.65041075216
526059103,320649.959272226
8856960720,308814.08696149563
3832500260,254487.88846770572
1623089025,409406.08097374317
3625710080,1186401.0983418534
6446200060,697928.0377209706
5706200370,425932.13086861937
5515600088,224602.6635127065
8029500360,350783.8967410411
6700390150,257261.5509861519
642500080,396441.44490938465
6150700264,365384.46605217474
2473371780,396993.4601243405
3905120540,595828.3669843778
2652501215,733343.3329777736
3176100110,665511.8498487863
7574910650,794553.1552640181
6385800030,291403.77318023995
4443800960,498790.90035584505
8731951490,286221.0714895008
3380900125,348086.8734343608
9828701508,650613.6806556922
6699950310,349262.3924274697
3321049112,393096.4374715167
1824079052,971970.5824671849
8032700140,854097.7997560105
8679600150,583440.3243235074
5040800120,890361.9428413083
2026059119,407696.92622587015
4024100951,497359.7132336193
7212650990,321347.24815101764
936000060,334668.5518556648
6181500340,337153.4780998586
1137400050,449358.9890952704
3324079092,400879.27968670905
4268200055,277742.11564205
6145602240,391988.39651553775
475000176,452528.4494792933
3279000120,237509.0305653641
9392200030,256927.91292361624
3438500714,353381.7807007055
4306500070,403067.8180800321
8588000610,187960.19222633232
792500190,336388.07960131054
2461900850,457847.3566655257
2660500365,281361.61118980584
5451210100,787663.1588048503
2787000040,303103.52843469084
3278602670,214388.1508440293
9528100899,631204.1085818824
1324079085,321110.15655507013
9477001140,412027.74616335495
9521100880,707151.8453309915
7853210060,413519.0483707612
1326069094,504832.94861540996
3420069065,385058.93987119745
5468730280,273629.7268231857
5437600140,332936.74308025674
5127000410,361771.70485601615
5445300050,532716.3331706931
3375300360,240618.34701630115
9297800165,510767.99501749454
6021500840,607347.1108984369
4323700230,489971.7915694793
643000110,254321.41254744364
8043700105,2187821.5078180823
6824100014,410941.63455922727
9542830480,329952.10472923785
736100065,836317.7726182821
2592210510,932470.9335116795
4233600260,1103697.1344424463
1266200015,732789.8304710613
2787700060,340345.461881732
8843900396,390223.5483359532
8029500380,263465.949624274
5292200010,469171.54089460475
1773100980,342588.61775218934
2886200070,583027.862815541
8594400110,332427.11351123854
9268850180,321028.8355125627
4141800285,1624661.8891955127
3188100007,491567.50039280485
1796380960,259638.6495906782
7202330030,463723.9745581493
8078440140,567655.766491138
7983200060,211372.21108673632
4427100025,388572.31130899047
2113700510,271023.73681694927
6446200305,613184.196918203
3425079088,581823.4031891512
3304040130,327113.4098981995
3222069153,298018.5492710579
5127000470,335603.64067748626
7525100520,413883.3538109455
1868902745,893882.1144119378
2920700220,369129.41266195674
1105000780,394392.1237075468
8563080020,834498.8855681976
3630090110,771952.5265936193
856000195,1963156.182458298
8649401000,216006.03769498813
1315300095,738658.0189110207
6802200670,262688.28765693435
1523069022,337587.94857034873
2624049165,468047.4963589875
1972202080,570152.1622671162
7211340030,290933.4377488828
8850000180,395091.090831347
2787250080,519215.94663890224
4235401055,529872.0459243234
5226500250,480041.3085322986
3294700421,314479.984610869
322069180,741167.6496299246
1025059186,499484.00912716636
1923039022,525213.4814941594
1402600110,360328.9617374174
6817810190,386334.4428253958
434000030,613752.5354780427
6056110460,660488.2843210887
4337000285,248135.9776321369
5710610250,607266.3233658565
1049010620,242987.8475468649
5112800234,350325.76049225556
2309000060,522015.96327394806
2985800030,528715.8129915848
1604601570,411931.33248075686
1563102435,647920.2804924353
257000105,195906.48269253268
6788201440,813199.021985776
1442300005,400694.85395821225
4055700784,792402.253828529
3889100029,766889.607211076
4139450760,1088519.7437352627
6079500230,653220.2558347778
259601010,388482.6306881933
3980300020,253922.24321808168
9390700100,508946.1002527742
7200001005,471096.9014507778
9264920250,262789.1127700164
8682260470,430604.3859898027
4083303815,787450.8775483819
7383450250,335656.773177628
253600180,411739.8295079835
1450000210,187727.5825861974
1133000100,399759.6263487501
7511000050,1184965.6912931143
5710600030,501443.7981028147
4178300310,762950.0908482212
3041700570,513083.00744502706
1238500978,479791.4159029543
431500155,628663.3422604321
2937300050,1002256.4991511307
1352300315,204611.87422723748
3277800823,367219.5111531574
8895800110,980435.7432331643
9274200318,562158.3010575495
1118001805,2107366.8059605816
629810720,835302.4668848923
6852700476,567399.4984557999
7345200650,224403.01265353564
8929000290,399782.0599122779
5506500170,574984.4192815325
8899000140,240353.07372395624
4006000423,316063.49656403
7137910140,253200.91741511604
2423020010,436742.5121992826
40000362,148235.4533743628
1657000070,241202.2805467305
2124700015,280342.46088360663
1887500045,268273.1739873786
6838000170,495376.412799794
1310910290,326914.73154259886
3599600276,231334.45760903673
8142000080,378727.3058754657
8856971000,280610.60921784164
624100950,722478.4107837721
2767704332,479509.807666571
405100165,383784.82238739496
6117501755,351731.0086324725
8961950410,316076.33635734
1523550480,577792.8783860547
6840701160,644573.5568369294
3331500650,331098.81137590297
1862400517,389947.59151356353
9558021000,367116.78404934244
1310800090,237013.66890053346
5104511040,332562.7724813563
522059189,237534.09724640552
3448720020,418983.24940160627
1310700330,254206.9830179556
5649600462,326799.1198896837
1853000510,1041202.1537660514
8128700005,334612.06696108705
6352600210,843841.0085439483
3754500010,900747.7040018563
1962200475,892965.4355456983
1773100765,265040.49065656407
8895800200,929101.7942328046
1310900260,335197.6481857494
809001525,1016255.1195388404
2624049103,361396.39176696556
9191200380,596516.4295064209
6600060120,440552.85523294576
8150100045,270769.9486454032
9558010190,369344.8194038539
4038700930,527400.832675701
2883200775,590355.7144570575
4036800910,458352.28739798995
8673400177,578640.6641720529
7110000068,898113.9800630226
3279000240,227808.574811396
9545230280,542569.6452777417
8815400105,581109.0031796336
6738700075,971654.7584536875
8732030490,289272.7269869316
9532000070,577533.17591109
7752400075,430014.4734195969
3824100051,388594.68701060617
2768000270,520406.63030901004
108000127,482527.22377498995
844000225,264418.1351581399
6817850040,853434.3509879997
4447300137,1137624.8365922982
8598900125,368092.57604562567
5072410070,468889.17732210347
7129300520,241005.9846189085
3830210020,196765.38991524183
4137040250,313526.3440994992
3022079080,687999.9337758911
722039087,245338.32228865664
3924500040,656013.1204446397
2473381090,336320.12694212777
2201500490,337246.750019559
9265410090,233807.46809634162
9286750100,386791.1001604317
2023700040,615620.2646843169
324000280,659706.1841928116
3814800280,354816.41181940807
7697100030,494341.8311403954
8731900790,294029.68900961103
8044700010,542826.9323502822
6123600100,194469.29378736368
1450100390,199157.95854213368
579000550,398451.25592500914
2459000020,330167.72640448046
5016000315,495891.24768314435
1193000190,832855.266517354
4038700730,524955.676418819
1556200265,710748.7348554988
6600410170,226616.97768463264
642800130,736463.9339422691
1043000100,356299.3708887864
7809200055,243191.4916742551
7010700308,1239026.339600456
8680500090,553023.8459759484
2719100355,586352.1538074842
7905200147,614115.6423773601
271200130,232864.8606174611
326049103,525914.170605324
8682211030,412277.6398763371
1070000390,1259703.4379579402
8648700450,642447.9083664081
2695600410,446785.4376097894
8562710640,1002645.4480567357
1525200060,672159.5601236448
1822039138,518876.05573829677
2767601375,536934.2361585954
3425069117,1282838.6148050956
952004570,375737.0881450175
7625702616,321867.02362757764
9818700430,464143.92665339075
2822059091,264055.0683820573
1775900220,343439.35620657285
6371000079,660892.7078562975
293760150,962433.0691560922
1336800880,1381506.431507663
2771600550,1484026.014767813
3905040040,521511.04325827875
7787110060,455015.3630806575
7708250040,356572.674406181
4022901316,538912.2213351936
191100235,839726.8832166803
7852050220,362513.1586979856
3293700480,363510.1643307795
2597450620,1260897.0036836043
6169900580,1171645.0909945567
2767602855,725582.5738459518
810000080,944871.2034261762
6392000625,480958.3667746908
1865810290,188459.4527724672
1568100380,341492.37188658206
5249804760,394903.38717187534
1337801060,800612.9966560866
6181410950,261154.70269291673
9264900660,315492.5006373546
9122001231,656090.5427570202
4427100030,383774.6624990169
7334400070,299461.80596747686
425079001,601174.5983014357
7436500360,538149.321111268
1245001295,705950.9046558717
1310500550,291170.00438282656
4047200950,244312.719653841
9103000455,708226.363336275
2291400341,321583.7855015199
3876100310,427787.842158292
7131300031,252734.65081306885
7853380510,660727.9348929024
7409700215,818906.4606868984
5248800250,414121.31271807593
126039323,394637.3616676271
6632300207,339923.41183309007
3826501060,252069.1916094901
8024202520,416268.53713993577
3343901401,440460.27051558666
6431000005,587700.2220464975
9232900075,347645.2337361565
3056700150,223792.65342788937
5104511250,490478.91087268817
3658700510,640304.5668395536
2895110062,292470.2645156729
7454000990,245638.63522075006
4038700680,535517.8263333517
7811220070,541017.9616088126
8091670030,351350.4991066478
3438503045,278484.59585091256
6388900710,490984.54011421953
7956300020,183025.11058499393
1775930440,467065.5980861679
1762600190,864907.3535658859
6600400260,221622.74590525872
8728550150,558109.1147946158
8155500110,588950.107222019
9169600135,470596.2507117855
1777600490,669803.246580363
125059179,576049.2245104458
7558700030,3504765.5383109474
1702900624,337513.494785801
3343901403,498847.2913982377
5101400994,382319.24183022766
5547500050,259760.53767553196
1705400350,307763.9562223383
629810800,873230.8500898824
4104900150,531048.9189927265
7888000390,216015.4129348437
4140900270,361785.27855594835
6649900030,378201.5820470877
820000012,406529.4906407724
6151800080,328906.03905580135
7454001060,237570.5750457302
8682262330,407722.9216582723
1566100010,390099.4250540811
1180500070,433726.3339304241
1112630130,390220.88825810386
3101500090,442569.1915204096
8682310220,678330.3451606601
4032500035,374070.13359294046
1623800440,505355.6624662865
1088400190,245337.34209259707
751000080,425424.3028354316
6675500070,406507.8098716502
2193340140,526963.7195402917
522049074,349496.3881043502
3204500340,251865.47142016087
5104200470,408970.63029717095
7517500611,693538.5198200083
2946002140,277633.2632396094
7631800110,807460.41046857
3529300330,321790.5094817414
3885801970,621712.8563127599
5456000570,927327.2396441821
4123810090,358376.46774398175
4037000635,471827.5603503397
8079030350,450810.95343618636
1726069060,659543.3413772732
6858700225,231118.9558115809
3356406510,228118.37902135786
5423030040,603777.7656352713
3111300040,451442.90018668317
259800060,469636.93536821863
1972202320,522403.0570260661
5100403818,363471.4827531081
1422700040,216561.64942700358
3625049014,2710154.342492987
7852011040,615268.0712123254
1201500010,692350.8344926975
7195800009,308572.6808517193
9407001320,230615.99559641446
9508850100,632123.9113464599
1328340380,281424.383538854
3885804305,979814.3415249914
7128300630,595342.2592994337
7574000080,360079.94268573134
3744000150,437870.4017007556
2607720150,499613.60377845634
7203190110,703179.1084253001
3904902430,640887.650053944
11501160,800613.6403524881
9209900315,533403.9665161041
9465910030,569194.5145698428
3622069103,701653.6897460916
3288301010,499819.0197476116
4395600060,794647.5830966901
7694200380,336342.80631076347
9552700550,687165.8115126857
9264921110,273120.1241512136
6738700225,1084319.6494513627
293620220,825621.3222715411
7525300310,598538.8772298392
3992700036,383480.7675614674
3577300040,440344.47503974324
3812400202,220268.05108546218
2402100055,701896.1286138151
1853080790,852968.3304241577
1994200260,697680.490205855
1339300025,817156.8355902307
7616200050,567537.1793885373
4022902555,757086.9227653992
9528102110,640515.1567657002
6613001241,1461782.871193346
3205400240,345443.6860742491
6065300840,1487230.0006297391
7852040080,538599.3552806487
1920079039,319622.8874397273
2817910030,434000.1087916516
1563102880,714743.5163917914
8561200110,549221.2493237512
629000605,1239554.5451043479
2781270440,241826.63034555555
6152900273,326307.4942335255
3303950130,370563.3451825651
6411600113,355397.6741567583
4055700167,965890.9567731067
291310310,590436.5291234925
9523100550,736480.770791859
724069070,1220148.7603524912
2408800120,428805.62549365545
7559600200,652783.357154823
8165500790,363984.87322571414
7856620870,883185.0022126859
1588600040,377907.94088564155
1023059246,491849.28617214115
1938000140,777482.0050533704
6061400160,376990.2981362039
4167300350,254760.5589651703
8649400790,316153.160805274
173000036,329034.873691658
225039049,578974.9542492251
8043700300,2409787.9226510893
3834000400,384197.5608191754
4054530260,1742836.0204351128
8724300010,744406.0356127996
9358002232,376554.0152696816
3298700012,244812.64669078845
1125059071,1069175.100964691
3885805300,527646.2421507575
5315100784,1244621.4455598877
3861400030,823413.1730912447
7202340010,663065.6883688066
7272001805,316561.8738570534
2781250230,318295.52937995084
1042700300,839499.1356890114
123039279,189656.80578537346
3760500336,1114308.097311408
6979940100,786808.2570398833
686300880,651676.8609970384
5214500690,444012.648875668
6021502250,635154.2678714653
1320069223,290161.6302797072
2871000300,777232.3132162907
2724069117,478317.3603803513
1159400220,755236.598717932
2571900380,278242.00519264536
5528600050,355111.5262471552
7686202730,151159.91202844118
2225059118,947417.3706729861
2558630350,444711.5275114947
3655400060,417519.6377994544
9558200080,273669.84032848943
1796100015,543914.2619244301
3378900020,491039.59613851033
5416500040,319802.6465169781
8856004582,209723.15509345214
3812400107,396382.74397867324
6126601445,488603.8956222532
2997800021,446246.717437929
1211000280,427536.8666763677
766800090,260885.44896450973
3224079005,318628.6544144257
619000100,354262.2222499795
4319200620,359061.6871816508
626059335,497400.39805830776
3340401570,281576.5379276413
7015200800,648199.5807324966
8106300510,493554.91238704365
1446110020,485323.9401824031
2872900280,612049.6825563743
8965500320,714324.3689210861
7853300070,498107.9824266902
5652601455,688688.3443701983
7579200915,1049828.8535020608
2641400160,359349.67607148184
203900460,425754.72899101145
2998800040,635184.4910109821
7519000170,561058.1356988158
923000425,743028.1695430671
2973800030,198034.71392103337
6430500182,1090770.6248358188
7304301010,353524.0359108875
3861470110,1992548.6345670288
2296500136,747185.3657062711
6790950150,735071.323006068
8123100045,485613.36025308224
3142600130,613102.7012616614
7137970130,321014.780841585
8656800190,404628.372967901
7135300046,269586.58405770146
3629960680,436000.77653374284
1133000385,606849.5187039133
1085621960,297793.21468463435
9542802000,184504.33482260036
8151600973,586064.858138534
7019000050,360487.3722204928
6021501920,596416.1093732251
7399300420,239109.82090209879
7548300731,587883.9497345019
5316100220,900921.3999830313
5152600090,314165.20638452034
1703400470,356920.89700095163
7316400070,329704.9110380286
5561300380,494848.13682874746
2215450100,324536.0640446523
8635750330,650164.3485607543
9492500140,854524.2666818663
5315100393,707764.3840443486
8588000315,230536.05669864922
7524200180,232781.00488490565
4235400255,413295.8010678293
326069131,544151.263090267
4077800026,755073.8182668891
9477000120,366895.30998479185
5608000590,1006106.0469894282
4137050130,298300.919356267
5249801440,322226.40890701296
9264901510,262141.7982112429
5437820250,208985.2748104349
200500410,458982.2019496272
9407111100,280499.4284578844
126039252,392808.22669624357
6141100255,404347.8646730177
3013300830,367406.49087688053
3271300955,861439.0313745439
3021059276,278294.50024235743
9542000050,736856.532111401
2769600035,767413.9565693516
3824100364,495443.9588357408
1726069202,365273.75568443874
7327500270,368471.99852993863
1189000207,449334.9684390198
2472950160,270720.3551096526
9558040050,520446.99028904847
3438503120,337673.3987802662
9407150240,283378.8576367564
1370804295,619660.0793482693
5700001100,677292.1450188576
6837820030,408611.99315141997
5411600210,817240.8761582164
5061300030,203361.07093249809
525069133,867121.3454022836
2121000250,345832.4531489669
3179100720,568539.7953716507
2780700050,443974.13593423413
1545805820,256063.64003688662
5702380630,263525.95361092093
9211010260,546549.8548477434
7129300595,264489.89321376604
6802200100,236503.64270661536
3304030140,427827.68840916996
2623039019,738471.5733492278
104500730,209783.2226398933
2924069132,597186.9512890211
1775500310,595979.2915896142
8114000040,308444.75434304966
2011400021,430337.22600229044
7525570020,660425.4174632609
2917200615,417466.3130363265
7697000170,291664.4808185335
7871500070,768765.9594209393
7215722010,497951.8471038323
6300000378,440941.2706579585
7159200005,2231557.5561344805
8946410040,413889.200599601
3893100327,367893.8617709608
635000009,913833.0500354177
2322069116,458458.538472665
2760200050,375084.7605322394
3432500210,309040.9038952796
5700000245,616081.4642331338
7588700177,335391.9855785881
9178600135,672326.4499197911
9830200475,467582.80519711773
8562780160,320350.89415345207
9826701665,557170.9819100186
7504010900,643543.9791365281
2770606915,482258.9155721264
1254200075,607372.6211577889
2473450430,428913.2731842926
1433290010,461351.7436397366
7586200061,356941.9158546623
6841700070,512462.8083587224
9826701320,511000.9462678451
8943600720,277431.1771608623
6791900260,787541.6372794411
2301400640,718692.2782168911
7979900210,372545.86768564285
4037200665,417017.749293442
984000650,298516.15636066254
2937300060,936075.94979365
8731982190,243472.6492741637
1445200190,249735.79642931707
952003285,736131.6833803589
1402970020,405277.8480080838
2487700274,415295.3344507971
8113101670,384800.40241099475
8682300400,659969.4010261409
809002435,639575.3364372095
4045900147,543438.3179008252
2991000400,269655.88319171086
9456200405,184647.31735550746
5104510370,309233.9482165841
9414610240,457355.8677572661
2111010760,363622.92003983224
1854900430,662111.0406483577
2624300080,898105.42162228
3645100280,465955.6568499368
1433100010,267666.45978382067
9533600100,975040.7033951674
6743700030,570657.0712132773
9294300070,699980.263480447
2114700540,289816.352045028
7853280550,723319.3356194427
868000175,621097.3278784535
1446401290,242696.87921529385
9109000050,297977.3131986112
8856004327,259592.9035000274
2329800110,260306.14625505524
3031200230,444720.01924706827
7582700075,1526751.1742942594
2422049104,175272.04590905024
9274202885,531824.1097660867
1770000090,421024.4530382085
9500900430,238914.41472508953
7305900082,359186.182579647
3336000170,316064.7284725596
5680000455,772335.1047242796
9808630210,955156.5561645124
8807810110,545800.9003218566
3824100211,483429.54140260676
3423059153,488468.87884580705
3937900120,516005.530108777
524059323,868017.5981269266
4305600250,551053.0398405008
1257201375,566953.8380495223
853600150,1357414.6422922553
2424059174,1598834.1088030525
5205000400,304885.6302468665
2658000115,182577.83518890748
3055800020,293814.95669849985
357000025,561581.4446261621
5666300010,340207.80901760684
4167700210,253938.55565910257
9187200275,755591.3146421962
2960900040,427870.1959249442
1021049022,239150.44535239585
7750500120,212367.09196454444
7153200160,1208117.944018214
4406000390,231531.95978576483
629800380,1448785.2539167409
2026049125,292731.8024304552
6117502230,1402821.147859348
3379100130,499956.0270898448
2472920140,440844.68065622065
7214720075,552473.3465868387
1771110070,338179.0587676079
5127001600,307148.88128184446
6666860210,322740.5671192779
5467200055,339052.1386951427
7819000040,382642.10547781555
3790700070,303693.85200525954
6362900138,367952.4750247899
597000593,356302.3832977998
8032700070,626436.5442176681
9301300215,934162.8662427953
8902500118,430280.68239315983
6607000095,392496.83110877796
2163900081,758127.4409131348
7732500270,713824.0626615353
3856903515,629534.9894645617
2557000400,283746.2186617571
4386700135,1721208.5359505003
7399000360,311337.7327980183
